# Blender 3.4.1
# www.blender.org
mtllib save_icon.mtl
o Cube
v 0.092321 1.000000 1.000000
v 0.092321 -1.000000 -1.000000
v 0.092321 0.694953 -1.000000
v 0.092321 1.000000 -0.694953
v 0.092321 0.122828 -1.000000
v 0.092321 0.142625 1.000000
v 0.068979 1.000000 0.783618
v 0.068979 1.000000 -0.514768
v 0.068979 0.143458 0.580732
v 0.068979 1.000000 0.580732
v 0.068979 0.143458 -0.454907
v 0.068979 1.000000 -0.454907
v 0.092321 -0.000286 1.000000
v 0.092321 -0.004972 -1.000000
v 0.092321 -1.000000 -0.717770
v 0.066587 -1.000000 0.780699
v 0.066587 -1.000000 -0.717770
v 0.000000 -1.000000 1.000000
v 0.000000 1.000000 1.000000
v 0.000000 -1.000000 -1.000000
v 0.000000 0.694953 -1.000000
v 0.000000 1.000000 -0.694953
v 0.000000 0.122828 -1.000000
v 0.000000 0.142625 1.000000
v 0.000000 1.000000 0.783618
v 0.000000 1.000000 -0.514768
v 0.000000 1.000000 0.580732
v 0.000000 1.000000 -0.454907
v 0.000000 -0.000286 1.000000
v 0.000000 -0.004972 -1.000000
v 0.000000 -1.000000 0.780699
v 0.000000 -1.000000 -0.717770
v 0.092321 -0.726640 1.000000
v 0.092321 -1.000000 1.000000
v 0.092321 -1.000000 0.780699
v 0.092321 -0.726641 0.780675
v 0.068979 0.857647 -0.096183
v 0.068979 0.829286 -0.067766
v 0.068979 0.857225 -0.091248
v 0.068979 0.855952 -0.086464
v 0.068979 0.853868 -0.081975
v 0.068979 0.851034 -0.077917
v 0.068979 0.847539 -0.074415
v 0.068979 0.843487 -0.071574
v 0.068979 0.839002 -0.069480
v 0.068979 0.834220 -0.068198
v 0.068979 0.441863 -0.067766
v 0.068979 0.413446 -0.096183
v 0.068979 0.436928 -0.068198
v 0.068979 0.432144 -0.069480
v 0.068979 0.427655 -0.071574
v 0.068979 0.423597 -0.074415
v 0.068979 0.420094 -0.077917
v 0.068979 0.417253 -0.081975
v 0.068979 0.415160 -0.086464
v 0.068979 0.413878 -0.091248
v 0.068979 0.413446 -0.293363
v 0.068979 0.441863 -0.321780
v 0.068979 0.413878 -0.298298
v 0.068979 0.415160 -0.303082
v 0.068979 0.417253 -0.307572
v 0.068979 0.420094 -0.311629
v 0.068979 0.423597 -0.315132
v 0.068979 0.427655 -0.317973
v 0.068979 0.432144 -0.320066
v 0.068979 0.436928 -0.321348
v 0.068979 0.828788 -0.321780
v 0.068979 0.857260 -0.293363
v 0.068979 0.833723 -0.321348
v 0.068979 0.838510 -0.320066
v 0.068979 0.843003 -0.317973
v 0.068979 0.847066 -0.315132
v 0.068979 0.850576 -0.311629
v 0.068979 0.853425 -0.307572
v 0.068979 0.855527 -0.303082
v 0.068979 0.856818 -0.298298
v 0.088872 0.406541 -0.040202
v 0.088872 0.391467 -0.339791
v 0.068979 0.250989 0.544823
v 0.068979 0.286898 0.580732
v 0.068979 0.215080 0.580732
v 0.068979 0.251534 0.551058
v 0.068979 0.253155 0.557104
v 0.068979 0.255800 0.562777
v 0.068979 0.259390 0.567904
v 0.068979 0.263816 0.572330
v 0.068979 0.268944 0.575921
v 0.068979 0.274616 0.578566
v 0.068979 0.280663 0.580186
v 0.068979 0.286898 -0.454907
v 0.068979 0.250989 -0.418998
v 0.068979 0.215080 -0.454907
v 0.068979 0.280663 -0.454361
v 0.068979 0.274616 -0.452741
v 0.068979 0.268944 -0.450096
v 0.068979 0.263816 -0.446506
v 0.068979 0.259390 -0.442079
v 0.068979 0.255800 -0.436952
v 0.068979 0.253155 -0.431279
v 0.068979 0.251535 -0.425233
v 0.088872 0.259715 0.545899
v 0.088872 0.278764 -0.432146
v 0.092321 0.142625 0.861439
v 0.092321 0.139452 -0.592524
v 0.068979 0.220445 0.783618
v 0.068979 0.142944 0.705798
v 0.068979 0.209374 0.782826
v 0.068979 0.198534 0.780466
v 0.068979 0.188146 0.776586
v 0.068979 0.178423 0.771265
v 0.068979 0.169562 0.764611
v 0.068979 0.161743 0.756760
v 0.068979 0.155125 0.747871
v 0.068979 0.149844 0.738126
v 0.068979 0.146007 0.727723
v 0.068979 0.143691 0.716873
v 0.068979 0.220445 -0.514768
v 0.068979 0.144132 -0.463426
v 0.068979 0.146376 -0.471772
v 0.068979 0.150144 -0.479774
v 0.068979 0.155361 -0.487270
v 0.068979 0.161920 -0.494108
v 0.068979 0.169687 -0.500147
v 0.068979 0.178505 -0.505265
v 0.068979 0.188193 -0.509359
v 0.068979 0.198554 -0.512343
v 0.068979 0.209379 -0.514159
v 0.092321 1.000000 0.793356
v 0.081975 1.000000 0.783618
v 0.090469 1.000000 0.790347
v 0.088292 1.000000 0.787632
v 0.086003 1.000000 0.785478
v 0.083827 1.000000 0.784095
v 0.081931 1.000000 -0.514768
v 0.092321 1.000000 -0.524434
v 0.083790 1.000000 -0.515241
v 0.085976 1.000000 -0.516614
v 0.088275 1.000000 -0.518753
v 0.090461 1.000000 -0.521447
v 0.000000 1.000000 0.793380
v 0.000000 1.000000 0.791427
v 0.000000 1.000000 0.789475
v 0.000000 1.000000 0.787523
v 0.000000 1.000000 0.785571
v 0.000000 1.000000 -0.524461
v 0.000000 1.000000 -0.516707
v 0.000000 1.000000 -0.518645
v 0.000000 1.000000 -0.520584
v 0.000000 1.000000 -0.522522
v 0.092321 0.141613 0.722612
v 0.082042 0.142765 0.705798
v 0.091818 0.141932 0.717416
v 0.090358 0.142234 0.712729
v 0.088084 0.142489 0.709009
v 0.085218 0.142672 0.706621
v 0.081975 0.220445 0.783618
v 0.092321 0.210780 0.793283
v 0.085172 0.219972 0.784091
v 0.088056 0.218599 0.785464
v 0.090345 0.216461 0.787603
v 0.091814 0.213767 0.790297
v 0.082024 0.143538 0.716873
v 0.092321 0.143282 0.741395
v 0.085206 0.143494 0.718073
v 0.088076 0.143441 0.721556
v 0.090354 0.143384 0.726981
v 0.091817 0.143330 0.733817
v 0.082011 0.145878 0.727723
v 0.092321 0.145286 0.748560
v 0.085197 0.145823 0.728742
v 0.088071 0.145725 0.731702
v 0.090352 0.145594 0.736312
v 0.091816 0.145442 0.742121
v 0.082001 0.149740 0.738126
v 0.092321 0.148635 0.756057
v 0.085190 0.149664 0.739003
v 0.088067 0.149496 0.741550
v 0.090350 0.149251 0.745517
v 0.091816 0.148955 0.750516
v 0.081993 0.155043 0.747871
v 0.092321 0.153281 0.763474
v 0.085185 0.154940 0.748634
v 0.088064 0.154681 0.750851
v 0.090348 0.154291 0.754302
v 0.091815 0.153809 0.758652
v 0.081988 0.161681 0.756760
v 0.092321 0.159136 0.770509
v 0.085181 0.161544 0.757432
v 0.088061 0.161176 0.759385
v 0.090347 0.160613 0.762427
v 0.091815 0.159910 0.766260
v 0.081984 0.169518 0.764611
v 0.092321 0.166072 0.776911
v 0.085178 0.169341 0.765213
v 0.088060 0.168846 0.766960
v 0.090347 0.168084 0.769681
v 0.091815 0.167128 0.773110
v 0.081980 0.178395 0.771265
v 0.092321 0.173932 0.782466
v 0.085176 0.178170 0.771813
v 0.088058 0.177533 0.773404
v 0.090346 0.176546 0.775882
v 0.091815 0.175305 0.779005
v 0.081978 0.188130 0.776586
v 0.092321 0.182533 0.787001
v 0.085174 0.187853 0.777096
v 0.088057 0.187056 0.778575
v 0.090346 0.185818 0.780879
v 0.091815 0.184259 0.783783
v 0.081977 0.198526 0.780466
v 0.092321 0.191677 0.790380
v 0.085173 0.198190 0.780951
v 0.088057 0.197216 0.782360
v 0.090345 0.195701 0.784553
v 0.091815 0.193792 0.787317
v 0.081976 0.209372 0.782826
v 0.092321 0.201156 0.792500
v 0.085172 0.208969 0.783300
v 0.088056 0.207802 0.784674
v 0.090345 0.205985 0.786814
v 0.091814 0.203695 0.789511
v 0.092321 0.210461 -0.524353
v 0.081929 0.220445 -0.514768
v 0.091812 0.213546 -0.521391
v 0.090336 0.216330 -0.518719
v 0.088037 0.218538 -0.516599
v 0.085140 0.219957 -0.515237
v 0.082070 0.142991 -0.444834
v 0.092321 0.141986 -0.468264
v 0.085238 0.142846 -0.443930
v 0.088095 0.142654 -0.446180
v 0.090363 0.142431 -0.451363
v 0.091819 0.142201 -0.458973
v 0.081924 0.209374 -0.514057
v 0.092321 0.200842 -0.523557
v 0.085137 0.208955 -0.514501
v 0.088035 0.207743 -0.515839
v 0.090335 0.205855 -0.517941
v 0.091812 0.203477 -0.520601
v 0.081920 0.198536 -0.511940
v 0.092321 0.191362 -0.521422
v 0.085134 0.198181 -0.512320
v 0.088034 0.197160 -0.513622
v 0.090334 0.195572 -0.515720
v 0.091812 0.193575 -0.518408
v 0.081924 0.188151 -0.508458
v 0.092321 0.182212 -0.518025
v 0.085137 0.187852 -0.508739
v 0.088035 0.187003 -0.509999
v 0.090335 0.185689 -0.512115
v 0.091812 0.184038 -0.514880
v 0.081944 0.178431 -0.503682
v 0.092321 0.173598 -0.513467
v 0.085151 0.178179 -0.503831
v 0.088043 0.177485 -0.505048
v 0.090339 0.176416 -0.507212
v 0.091813 0.175076 -0.510114
v 0.081982 0.169574 -0.497703
v 0.092321 0.165721 -0.507885
v 0.085177 0.169362 -0.497696
v 0.088059 0.168802 -0.498877
v 0.090346 0.167950 -0.501129
v 0.091815 0.166888 -0.504233
v 0.082032 0.161759 -0.490641
v 0.092321 0.158761 -0.501452
v 0.085212 0.161579 -0.490460
v 0.088080 0.161136 -0.491622
v 0.090356 0.160473 -0.494014
v 0.091817 0.159654 -0.497401
v 0.082081 0.155146 -0.482640
v 0.092321 0.152877 -0.494383
v 0.085245 0.154992 -0.482273
v 0.088100 0.154646 -0.483446
v 0.090365 0.154144 -0.486044
v 0.091820 0.153535 -0.489813
v 0.082114 0.149870 -0.473866
v 0.092321 0.148195 -0.486936
v 0.085268 0.149733 -0.473312
v 0.088113 0.149466 -0.474541
v 0.090371 0.149095 -0.477432
v 0.091821 0.148657 -0.481703
v 0.082120 0.146039 -0.464509
v 0.092321 0.144804 -0.479431
v 0.085272 0.145910 -0.463774
v 0.088116 0.145699 -0.465122
v 0.090373 0.145426 -0.468423
v 0.091822 0.145117 -0.473354
v 0.082100 0.143730 -0.454767
v 0.092321 0.142749 -0.472361
v 0.085259 0.143600 -0.453874
v 0.088108 0.143418 -0.455451
v 0.090369 0.143201 -0.459343
v 0.091821 0.142971 -0.465170
v 0.088872 0.837527 -0.062492
v 0.082899 0.829286 -0.067766
v 0.087122 0.831700 -0.066222
v 0.088872 0.863620 -0.095934
v 0.082899 0.857647 -0.096183
v 0.087122 0.859396 -0.096110
v 0.088872 0.835261 -0.062293
v 0.082899 0.834220 -0.068198
v 0.087122 0.834525 -0.066469
v 0.088872 0.841054 -0.063846
v 0.082899 0.839002 -0.069480
v 0.087122 0.839603 -0.067830
v 0.088872 0.846487 -0.066382
v 0.082899 0.843487 -0.071574
v 0.087122 0.844366 -0.070053
v 0.088872 0.851397 -0.069825
v 0.082899 0.847539 -0.074415
v 0.087122 0.848669 -0.073070
v 0.088872 0.855632 -0.074068
v 0.082899 0.851034 -0.077917
v 0.087122 0.852381 -0.076790
v 0.088872 0.859065 -0.078984
v 0.082899 0.853868 -0.081975
v 0.087122 0.855390 -0.081099
v 0.088872 0.861590 -0.084423
v 0.082899 0.855952 -0.086464
v 0.087122 0.857603 -0.085866
v 0.088872 0.863132 -0.090218
v 0.082899 0.857225 -0.091248
v 0.087122 0.858955 -0.090947
v 0.088872 0.411383 -0.079457
v 0.082899 0.413446 -0.096183
v 0.087122 0.412842 -0.091284
v 0.082899 0.441863 -0.067766
v 0.088872 0.435139 -0.062520
v 0.087122 0.439893 -0.066230
v 0.082899 0.413878 -0.091248
v 0.088872 0.412081 -0.078748
v 0.087122 0.413352 -0.087587
v 0.082899 0.415160 -0.086464
v 0.088872 0.413253 -0.076227
v 0.087122 0.414601 -0.083466
v 0.082899 0.417253 -0.081975
v 0.088872 0.415038 -0.073336
v 0.087122 0.416604 -0.079444
v 0.082899 0.420094 -0.077917
v 0.088872 0.417420 -0.070474
v 0.087122 0.419311 -0.075737
v 0.082899 0.423597 -0.074415
v 0.088872 0.420332 -0.067865
v 0.087122 0.422641 -0.072496
v 0.082899 0.427655 -0.071574
v 0.088872 0.423679 -0.065666
v 0.087122 0.426490 -0.069843
v 0.082899 0.432144 -0.069480
v 0.088872 0.427344 -0.063991
v 0.087122 0.430738 -0.067872
v 0.082899 0.436928 -0.068198
v 0.088872 0.431202 -0.062922
v 0.087122 0.435251 -0.066653
v 0.088872 0.432154 -0.325249
v 0.082899 0.441863 -0.321780
v 0.087122 0.439019 -0.322796
v 0.082899 0.413446 -0.293363
v 0.088872 0.410628 -0.299317
v 0.087122 0.412621 -0.295107
v 0.082899 0.436928 -0.321348
v 0.088872 0.428629 -0.324715
v 0.087122 0.434497 -0.322334
v 0.082899 0.432144 -0.320066
v 0.088872 0.425062 -0.323500
v 0.087122 0.430069 -0.321072
v 0.082899 0.427655 -0.317973
v 0.088872 0.421595 -0.321626
v 0.087122 0.425880 -0.319043
v 0.082899 0.423597 -0.315132
v 0.088872 0.418380 -0.319136
v 0.087122 0.422069 -0.316304
v 0.082899 0.420094 -0.311629
v 0.088872 0.415557 -0.316093
v 0.087122 0.418765 -0.312936
v 0.082899 0.417253 -0.307572
v 0.088872 0.413250 -0.312574
v 0.087122 0.416081 -0.309037
v 0.082899 0.415160 -0.303082
v 0.088872 0.411571 -0.308642
v 0.087122 0.414109 -0.304711
v 0.082899 0.413878 -0.298298
v 0.088872 0.410635 -0.304301
v 0.087122 0.412928 -0.300056
v 0.088872 0.863232 -0.293636
v 0.082899 0.857260 -0.293363
v 0.087122 0.859009 -0.293443
v 0.088872 0.856568 -0.325346
v 0.082899 0.828788 -0.321780
v 0.087122 0.836924 -0.322824
v 0.088872 0.862721 -0.299350
v 0.082899 0.856818 -0.298298
v 0.087122 0.858547 -0.298606
v 0.088872 0.861158 -0.305143
v 0.082899 0.855527 -0.303082
v 0.087122 0.857176 -0.303686
v 0.088872 0.858613 -0.310577
v 0.082899 0.853425 -0.307572
v 0.087122 0.854944 -0.308452
v 0.088872 0.855165 -0.315488
v 0.082899 0.850576 -0.311629
v 0.087122 0.851920 -0.312759
v 0.088872 0.850917 -0.319728
v 0.082899 0.847066 -0.315132
v 0.087122 0.848194 -0.316478
v 0.088872 0.845999 -0.323167
v 0.082899 0.843003 -0.317973
v 0.087122 0.843881 -0.319494
v 0.088872 0.840559 -0.325701
v 0.082899 0.838510 -0.320066
v 0.087122 0.839110 -0.321716
v 0.088872 0.834764 -0.327253
v 0.082899 0.833723 -0.321348
v 0.087122 0.834028 -0.323077
v 0.083814 1.000000 0.580732
v 0.088872 1.000000 0.574064
v 0.086343 1.000000 0.579838
v 0.088194 1.000000 0.577398
v 0.088872 1.000000 -0.449818
v 0.083814 1.000000 -0.454907
v 0.088194 1.000000 -0.452362
v 0.086343 1.000000 -0.454225
v 0.088872 0.281645 0.574000
v 0.083814 0.286898 0.580732
v 0.088194 0.284271 0.577366
v 0.086343 0.286194 0.579830
v 0.083814 0.250989 0.544823
v 0.088872 0.255142 0.545335
v 0.086343 0.251545 0.544891
v 0.088194 0.253066 0.545079
v 0.083814 0.280663 0.580186
v 0.088872 0.276492 0.573359
v 0.086343 0.280104 0.579271
v 0.088194 0.278577 0.576773
v 0.083814 0.274616 0.578566
v 0.088872 0.271486 0.571704
v 0.086343 0.274197 0.577647
v 0.088194 0.273051 0.575135
v 0.083814 0.268944 0.575921
v 0.088872 0.266851 0.569112
v 0.086343 0.268663 0.575008
v 0.088194 0.267897 0.572516
v 0.083814 0.263816 0.572330
v 0.088872 0.262789 0.565713
v 0.086343 0.263679 0.571444
v 0.088194 0.263303 0.569022
v 0.083814 0.259390 0.567904
v 0.088872 0.259482 0.561697
v 0.086343 0.259402 0.567073
v 0.088194 0.259436 0.564801
v 0.083814 0.255800 0.562777
v 0.088872 0.257064 0.557326
v 0.086343 0.255969 0.562047
v 0.088194 0.256432 0.560052
v 0.083814 0.253155 0.557104
v 0.088872 0.255598 0.552931
v 0.086343 0.253482 0.556545
v 0.088194 0.254376 0.555018
v 0.083814 0.251534 0.551058
v 0.088872 0.255020 0.548860
v 0.086343 0.252001 0.550763
v 0.088194 0.253277 0.549959
v 0.088872 0.255491 -0.421129
v 0.083814 0.250989 -0.418998
v 0.088194 0.253240 -0.420063
v 0.086343 0.251592 -0.419283
v 0.083814 0.286898 -0.454907
v 0.088872 0.285079 -0.449816
v 0.086343 0.286654 -0.454225
v 0.088194 0.285988 -0.452361
v 0.083814 0.251535 -0.425233
v 0.088872 0.256267 -0.426435
v 0.086343 0.252169 -0.425394
v 0.088194 0.253901 -0.425834
v 0.083814 0.253155 -0.431279
v 0.088872 0.257904 -0.431440
v 0.086343 0.253791 -0.431301
v 0.088194 0.255529 -0.431360
v 0.083814 0.255800 -0.436952
v 0.088872 0.260311 -0.436008
v 0.086343 0.256404 -0.436826
v 0.088194 0.258055 -0.436480
v 0.083814 0.259390 -0.442079
v 0.088872 0.263384 -0.440032
v 0.086343 0.259925 -0.441805
v 0.088194 0.261387 -0.441056
v 0.083814 0.263816 -0.446506
v 0.088872 0.267013 -0.443434
v 0.086343 0.264244 -0.446094
v 0.088194 0.265415 -0.444970
v 0.083814 0.268944 -0.450096
v 0.088872 0.271097 -0.446160
v 0.086343 0.269232 -0.449568
v 0.088194 0.270020 -0.448128
v 0.083814 0.274616 -0.452741
v 0.088872 0.275539 -0.448162
v 0.086343 0.274740 -0.452128
v 0.088194 0.275078 -0.450452
v 0.083814 0.280663 -0.454361
v 0.088872 0.280238 -0.449396
v 0.086343 0.280606 -0.453696
v 0.088194 0.280450 -0.451879
v 0.066587 -0.114969 0.694451
v 0.066587 -0.063961 0.643521
v 0.066587 -0.033767 0.735639
v 0.066587 -0.103619 0.693189
v 0.066587 -0.092838 0.689433
v 0.066587 -0.083166 0.683371
v 0.066587 -0.075090 0.675307
v 0.066587 -0.069013 0.665645
v 0.066587 -0.065240 0.654869
v 0.066587 -0.063961 -0.587325
v 0.066587 -0.114969 -0.638323
v 0.066587 -0.033338 -0.679125
v 0.066587 -0.065240 -0.598675
v 0.066587 -0.069013 -0.609456
v 0.066587 -0.075090 -0.619126
v 0.066587 -0.083166 -0.627201
v 0.066587 -0.092838 -0.633276
v 0.066587 -0.103619 -0.637046
v 0.066587 -0.914769 -0.638170
v 0.066587 -0.965776 -0.587152
v 0.066587 -0.985922 -0.685021
v 0.066587 -0.926119 -0.636889
v 0.066587 -0.936900 -0.633114
v 0.066587 -0.946572 -0.627035
v 0.066587 -0.954648 -0.618957
v 0.066587 -0.960725 -0.609284
v 0.066587 -0.964498 -0.598503
v 0.066587 -0.965776 0.642151
v 0.066587 -0.914769 0.693236
v 0.066587 -0.984349 0.740665
v 0.066587 -0.964498 0.653503
v 0.066587 -0.960725 0.664290
v 0.066587 -0.954648 0.673971
v 0.066587 -0.946572 0.682060
v 0.066587 -0.936900 0.688151
v 0.066587 -0.926119 0.691940
v 0.090778 -0.070766 0.643139
v 0.083974 -0.063961 0.643521
v 0.089866 -0.067364 0.643330
v 0.087376 -0.064873 0.643470
v 0.090778 -0.115341 0.687646
v 0.083974 -0.114969 0.694451
v 0.089866 -0.115155 0.691049
v 0.087376 -0.115019 0.693539
v 0.090778 -0.071916 0.653345
v 0.083974 -0.065240 0.654869
v 0.089866 -0.068578 0.654107
v 0.087376 -0.066135 0.654665
v 0.090778 -0.075181 0.662672
v 0.083974 -0.069013 0.665645
v 0.089866 -0.072097 0.664158
v 0.087376 -0.069839 0.665246
v 0.090778 -0.080441 0.671034
v 0.083974 -0.075090 0.675307
v 0.089866 -0.077765 0.673170
v 0.087376 -0.075807 0.674734
v 0.090778 -0.087431 0.678014
v 0.083974 -0.083166 0.683371
v 0.089866 -0.085299 0.680692
v 0.087376 -0.083738 0.682653
v 0.090778 -0.095801 0.683260
v 0.083974 -0.092838 0.689433
v 0.089866 -0.094319 0.686347
v 0.087376 -0.093235 0.688606
v 0.090778 -0.105133 0.686511
v 0.083974 -0.103619 0.693189
v 0.089866 -0.104376 0.689850
v 0.087376 -0.103822 0.692295
v 0.090778 -0.115350 -0.631519
v 0.083974 -0.114969 -0.638323
v 0.089866 -0.115160 -0.634921
v 0.087376 -0.115020 -0.637411
v 0.090778 -0.070766 -0.586943
v 0.083974 -0.063961 -0.587325
v 0.089866 -0.067364 -0.587134
v 0.087376 -0.064873 -0.587274
v 0.090778 -0.105141 -0.630370
v 0.083974 -0.103619 -0.637046
v 0.089866 -0.104380 -0.633708
v 0.087376 -0.103823 -0.636152
v 0.090778 -0.095808 -0.627106
v 0.083974 -0.092838 -0.633276
v 0.089866 -0.094323 -0.630191
v 0.087376 -0.093236 -0.632449
v 0.090778 -0.087435 -0.621847
v 0.083974 -0.083166 -0.627201
v 0.089866 -0.085301 -0.624524
v 0.087376 -0.083738 -0.626484
v 0.090778 -0.080443 -0.614856
v 0.083974 -0.075090 -0.619126
v 0.089866 -0.077766 -0.616991
v 0.087376 -0.075807 -0.618554
v 0.090778 -0.075182 -0.606484
v 0.083974 -0.069013 -0.609456
v 0.089866 -0.072097 -0.607970
v 0.087376 -0.069839 -0.609058
v 0.090778 -0.071916 -0.597152
v 0.083974 -0.065240 -0.598675
v 0.089866 -0.068578 -0.597913
v 0.087376 -0.066135 -0.598471
v 0.090778 -0.958972 -0.586770
v 0.083974 -0.965776 -0.587152
v 0.089866 -0.962374 -0.586961
v 0.087376 -0.964865 -0.587101
v 0.090778 -0.914385 -0.631365
v 0.083974 -0.914769 -0.638170
v 0.089866 -0.914577 -0.634767
v 0.087376 -0.914717 -0.637258
v 0.090778 -0.957822 -0.596979
v 0.083974 -0.964498 -0.598503
v 0.089866 -0.961160 -0.597741
v 0.087376 -0.963603 -0.598298
v 0.090778 -0.954556 -0.606314
v 0.083974 -0.960725 -0.609284
v 0.089866 -0.957640 -0.607799
v 0.087376 -0.959899 -0.608886
v 0.090778 -0.949294 -0.614688
v 0.083974 -0.954648 -0.618957
v 0.089866 -0.951971 -0.616823
v 0.087376 -0.953931 -0.618385
v 0.090778 -0.942302 -0.621682
v 0.083974 -0.946572 -0.627035
v 0.089866 -0.944437 -0.624359
v 0.087376 -0.946000 -0.626318
v 0.090778 -0.933928 -0.626945
v 0.083974 -0.936900 -0.633114
v 0.089866 -0.935414 -0.630030
v 0.087376 -0.936502 -0.632288
v 0.090778 -0.924594 -0.630213
v 0.083974 -0.926119 -0.636889
v 0.089866 -0.925357 -0.633551
v 0.087376 -0.925915 -0.635994
v 0.090778 -0.914377 0.686432
v 0.083974 -0.914769 0.693236
v 0.089866 -0.914573 0.689834
v 0.087376 -0.914716 0.692325
v 0.090778 -0.958972 0.641769
v 0.083974 -0.965776 0.642151
v 0.089866 -0.962374 0.641960
v 0.087376 -0.964865 0.642100
v 0.090778 -0.924586 0.685267
v 0.083974 -0.926119 0.691940
v 0.089866 -0.925353 0.688603
v 0.087376 -0.925914 0.691046
v 0.090778 -0.933922 0.681985
v 0.083974 -0.936900 0.688151
v 0.089866 -0.935411 0.685068
v 0.087376 -0.936501 0.687325
v 0.090778 -0.942297 0.676710
v 0.083974 -0.946572 0.682060
v 0.089866 -0.944435 0.679385
v 0.087376 -0.945999 0.681343
v 0.090778 -0.949292 0.669704
v 0.083974 -0.954648 0.673971
v 0.089866 -0.951970 0.671838
v 0.087376 -0.953931 0.673399
v 0.090778 -0.954555 0.661321
v 0.083974 -0.960725 0.664290
v 0.089866 -0.957640 0.662806
v 0.087376 -0.959899 0.663892
v 0.090778 -0.957822 0.651980
v 0.083974 -0.964498 0.653503
v 0.089866 -0.961160 0.652742
v 0.087376 -0.963603 0.653299
v 0.092321 -0.141554 0.780624
v 0.092321 -0.001070 0.639792
v 0.092321 -0.000446 0.921432
v 0.092321 -0.117106 0.778483
v 0.092321 -0.093411 0.772127
v 0.092321 -0.071189 0.761752
v 0.092321 -0.051115 0.747671
v 0.092321 -0.033800 0.730312
v 0.092321 -0.019769 0.710204
v 0.092321 -0.009448 0.687956
v 0.092321 -0.003151 0.664245
v 0.092321 -0.003974 -0.576971
v 0.092321 -0.145131 -0.717788
v 0.092321 -0.004640 -0.858611
v 0.092321 -0.006172 -0.601424
v 0.092321 -0.012582 -0.625134
v 0.092321 -0.023009 -0.647381
v 0.092321 -0.037136 -0.667488
v 0.092321 -0.054535 -0.684844
v 0.092321 -0.074676 -0.698923
v 0.092321 -0.096947 -0.709297
v 0.092321 -0.120672 -0.715649
v 0.066587 -0.145131 -0.717788
v 0.066587 -0.003974 -0.576971
v 0.066587 -0.033308 -0.679165
v 0.066587 -0.120672 -0.715649
v 0.066587 -0.096947 -0.709297
v 0.066587 -0.074676 -0.698923
v 0.066587 -0.054535 -0.684844
v 0.066587 -0.037136 -0.667488
v 0.066587 -0.023009 -0.647381
v 0.066587 -0.012582 -0.625134
v 0.066587 -0.006172 -0.601424
v 0.066587 -0.001070 0.639792
v 0.066587 -0.141554 0.780624
v 0.066587 -0.033737 0.735679
v 0.066587 -0.003151 0.664245
v 0.066587 -0.009448 0.687956
v 0.066587 -0.019769 0.710204
v 0.066587 -0.033800 0.730312
v 0.066587 -0.051115 0.747671
v 0.066587 -0.071189 0.761752
v 0.066587 -0.093411 0.772127
v 0.066587 -0.117106 0.778483
v 0.092321 -0.945524 0.899151
v 0.092321 -0.899151 0.945524
v 0.092321 -0.978315 0.978315
v 0.092321 -0.944362 0.909470
v 0.092321 -0.940932 0.919272
v 0.092321 -0.935407 0.928064
v 0.092321 -0.928064 0.935407
v 0.092321 -0.919272 0.940932
v 0.092321 -0.909470 0.944362
v 0.092321 -0.899151 0.835166
v 0.092321 -0.945524 0.881543
v 0.092321 -0.978316 0.802380
v 0.092321 -0.909470 0.836329
v 0.092321 -0.919272 0.839760
v 0.092321 -0.928064 0.845285
v 0.092321 -0.935407 0.852629
v 0.092321 -0.940932 0.861422
v 0.092321 -0.944362 0.871224
v 0.092321 -0.781116 0.881529
v 0.092321 -0.827490 0.835160
v 0.092321 -0.748327 0.802363
v 0.092321 -0.782279 0.871210
v 0.092321 -0.785709 0.861409
v 0.092321 -0.791233 0.852616
v 0.092321 -0.798576 0.845274
v 0.092321 -0.807369 0.839750
v 0.092321 -0.817171 0.836321
v 0.092321 -0.827489 0.945524
v 0.092321 -0.781116 0.899151
v 0.092321 -0.748325 0.978315
v 0.092321 -0.817170 0.944362
v 0.092321 -0.807369 0.940932
v 0.092321 -0.798576 0.935407
v 0.092321 -0.791233 0.928064
v 0.092321 -0.785708 0.919272
v 0.092321 -0.782279 0.909470
v 0.000000 -0.781116 0.899151
v 0.000000 -0.827489 0.945524
v 0.000000 -0.782279 0.909470
v 0.000000 -0.785708 0.919272
v 0.000000 -0.791233 0.928064
v 0.000000 -0.798576 0.935407
v 0.000000 -0.807369 0.940932
v 0.000000 -0.817170 0.944362
v 0.000000 -0.899151 0.945524
v 0.000000 -0.945524 0.899151
v 0.000000 -0.909470 0.944362
v 0.000000 -0.919272 0.940932
v 0.000000 -0.928064 0.935407
v 0.000000 -0.935407 0.928064
v 0.000000 -0.940932 0.919272
v 0.000000 -0.944362 0.909470
v 0.000000 -0.945524 0.881543
v 0.000000 -0.899151 0.835166
v 0.000000 -0.944362 0.871224
v 0.000000 -0.940932 0.861422
v 0.000000 -0.935407 0.852629
v 0.000000 -0.928064 0.845285
v 0.000000 -0.919272 0.839760
v 0.000000 -0.909470 0.836329
v 0.000000 -0.827490 0.835160
v 0.000000 -0.781116 0.881529
v 0.000000 -0.817171 0.836321
v 0.000000 -0.807369 0.839750
v 0.000000 -0.798576 0.845274
v 0.000000 -0.791233 0.852616
v 0.000000 -0.785709 0.861409
v 0.000000 -0.782279 0.871210
v 0.090778 -0.254707 0.602628
v 0.090778 -0.244790 0.593023
v 0.090778 -0.236487 0.608378
v 0.090778 -0.251643 0.602240
v 0.090778 -0.248878 0.600919
v 0.090778 -0.246684 0.598794
v 0.090778 -0.245275 0.596073
v 0.090778 -0.281685 0.591841
v 0.090778 -0.271767 0.602081
v 0.090778 -0.291607 0.601844
v 0.090778 -0.281199 0.594923
v 0.090778 -0.279791 0.597734
v 0.090778 -0.277596 0.599999
v 0.090778 -0.274832 0.601497
v 0.090778 -0.244790 -0.536909
v 0.090778 -0.254712 -0.546792
v 0.090778 -0.235121 -0.549061
v 0.090778 -0.245275 -0.539973
v 0.090778 -0.246685 -0.542734
v 0.090778 -0.248880 -0.544920
v 0.090778 -0.251646 -0.546318
v 0.090778 -0.271762 -0.546723
v 0.090778 -0.281685 -0.536760
v 0.090778 -0.291607 -0.546693
v 0.090778 -0.274828 -0.546225
v 0.090778 -0.277594 -0.544804
v 0.090778 -0.279790 -0.542600
v 0.090778 -0.281199 -0.539828
v 0.090778 -0.465195 0.591841
v 0.090778 -0.455278 0.602081
v 0.090778 -0.475118 0.601844
v 0.090778 -0.464710 0.594923
v 0.090778 -0.463301 0.597734
v 0.090778 -0.461107 0.599999
v 0.090778 -0.458342 0.601497
v 0.090778 -0.438218 0.602628
v 0.090778 -0.428300 0.593023
v 0.090778 -0.418378 0.602865
v 0.090778 -0.435153 0.602240
v 0.090778 -0.432389 0.600919
v 0.090778 -0.430194 0.598794
v 0.090778 -0.428786 0.596073
v 0.090778 -0.428300 -0.536909
v 0.090778 -0.438223 -0.546792
v 0.090778 -0.418378 -0.546822
v 0.090778 -0.428786 -0.539973
v 0.090778 -0.430195 -0.542734
v 0.090778 -0.432391 -0.544920
v 0.090778 -0.435157 -0.546318
v 0.090778 -0.455272 -0.546723
v 0.090778 -0.465195 -0.536760
v 0.090778 -0.475118 -0.546693
v 0.090778 -0.458339 -0.546225
v 0.090778 -0.461105 -0.544804
v 0.090778 -0.463300 -0.542600
v 0.090778 -0.464709 -0.539828
v 0.090778 -0.648706 0.591841
v 0.090778 -0.638788 0.602081
v 0.090778 -0.648220 0.594923
v 0.090778 -0.646811 0.597734
v 0.090778 -0.644617 0.599999
v 0.090778 -0.641853 0.601497
v 0.090778 -0.621728 0.602628
v 0.090778 -0.611811 0.593023
v 0.090778 -0.601888 0.602865
v 0.090778 -0.618664 0.602240
v 0.090778 -0.615899 0.600919
v 0.090778 -0.613705 0.598794
v 0.090778 -0.612296 0.596073
v 0.090778 -0.611811 -0.536909
v 0.090778 -0.621733 -0.546792
v 0.090778 -0.601888 -0.546822
v 0.090778 -0.612296 -0.539973
v 0.090778 -0.613706 -0.542734
v 0.090778 -0.615901 -0.544920
v 0.090778 -0.618667 -0.546318
v 0.090778 -0.638783 -0.546723
v 0.090778 -0.648706 -0.536760
v 0.090778 -0.641849 -0.546225
v 0.090778 -0.644615 -0.544804
v 0.090778 -0.646811 -0.542600
v 0.090778 -0.648220 -0.539828
v 0.074692 -0.244790 0.593023
v 0.074692 -0.254707 0.602628
v 0.074692 -0.245275 0.596073
v 0.074692 -0.246684 0.598794
v 0.074692 -0.248878 0.600919
v 0.074692 -0.251643 0.602240
v 0.074692 -0.271767 0.602081
v 0.074692 -0.281685 0.591841
v 0.074692 -0.274832 0.601497
v 0.074692 -0.277596 0.599999
v 0.074692 -0.279791 0.597734
v 0.074692 -0.281199 0.594923
v 0.074692 -0.455278 0.602081
v 0.074692 -0.465195 0.591841
v 0.074692 -0.458342 0.601497
v 0.074692 -0.461107 0.599999
v 0.074692 -0.463301 0.597734
v 0.074692 -0.464710 0.594923
v 0.074692 -0.428300 0.593023
v 0.074692 -0.438218 0.602628
v 0.074692 -0.428786 0.596073
v 0.074692 -0.430194 0.598794
v 0.074692 -0.432389 0.600919
v 0.074692 -0.435153 0.602240
v 0.074692 -0.465195 -0.536760
v 0.074692 -0.455272 -0.546723
v 0.074692 -0.464709 -0.539828
v 0.074692 -0.463300 -0.542600
v 0.074692 -0.461105 -0.544804
v 0.074692 -0.458339 -0.546225
v 0.074692 -0.638788 0.602081
v 0.074692 -0.648706 0.591841
v 0.074692 -0.641853 0.601497
v 0.074692 -0.644617 0.599999
v 0.074692 -0.646811 0.597734
v 0.074692 -0.648220 0.594923
v 0.074692 -0.611811 0.593023
v 0.074692 -0.621728 0.602628
v 0.074692 -0.612296 0.596073
v 0.074692 -0.613705 0.598794
v 0.074692 -0.615899 0.600919
v 0.074692 -0.618664 0.602240
v 0.074692 -0.648706 -0.536760
v 0.074692 -0.638783 -0.546723
v 0.074692 -0.648220 -0.539828
v 0.074692 -0.646811 -0.542600
v 0.074692 -0.644615 -0.544804
v 0.074692 -0.641849 -0.546225
v 0.074692 -0.254712 -0.546792
v 0.074692 -0.244790 -0.536909
v 0.074692 -0.251646 -0.546318
v 0.074692 -0.248880 -0.544920
v 0.074692 -0.246685 -0.542734
v 0.074692 -0.245275 -0.539973
v 0.074692 -0.281685 -0.536760
v 0.074692 -0.271762 -0.546723
v 0.074692 -0.281199 -0.539828
v 0.074692 -0.279790 -0.542600
v 0.074692 -0.277594 -0.544804
v 0.074692 -0.274828 -0.546225
v 0.074692 -0.438223 -0.546792
v 0.074692 -0.428300 -0.536909
v 0.074692 -0.435157 -0.546318
v 0.074692 -0.432391 -0.544920
v 0.074692 -0.430195 -0.542734
v 0.074692 -0.428786 -0.539973
v 0.074692 -0.621733 -0.546792
v 0.074692 -0.611811 -0.536909
v 0.074692 -0.618667 -0.546318
v 0.074692 -0.615901 -0.544920
v 0.074692 -0.613706 -0.542734
v 0.074692 -0.612296 -0.539973
v -0.092321 1.000000 1.000000
v -0.092321 -1.000000 -1.000000
v -0.092321 0.694953 -1.000000
v -0.092321 1.000000 -0.694953
v -0.092321 0.122828 -1.000000
v -0.092321 0.142625 1.000000
v -0.068979 1.000000 0.783618
v -0.068979 1.000000 -0.514768
v -0.068979 0.143458 0.580732
v -0.068979 1.000000 0.580732
v -0.068979 0.143458 -0.454907
v -0.068979 1.000000 -0.454907
v -0.092321 -0.000286 1.000000
v -0.092321 -0.004972 -1.000000
v -0.092321 -1.000000 -0.717770
v -0.066587 -1.000000 0.780699
v -0.066587 -1.000000 -0.717770
v -0.092321 -0.726640 1.000000
v -0.092321 -1.000000 1.000000
v -0.092321 -1.000000 0.780699
v -0.092321 -0.726641 0.780675
v -0.068979 0.857647 -0.096183
v -0.068979 0.829286 -0.067766
v -0.068979 0.857225 -0.091248
v -0.068979 0.855952 -0.086464
v -0.068979 0.853868 -0.081975
v -0.068979 0.851034 -0.077917
v -0.068979 0.847539 -0.074415
v -0.068979 0.843487 -0.071574
v -0.068979 0.839002 -0.069480
v -0.068979 0.834220 -0.068198
v -0.068979 0.441863 -0.067766
v -0.068979 0.413446 -0.096183
v -0.068979 0.436928 -0.068198
v -0.068979 0.432144 -0.069480
v -0.068979 0.427655 -0.071574
v -0.068979 0.423597 -0.074415
v -0.068979 0.420094 -0.077917
v -0.068979 0.417253 -0.081975
v -0.068979 0.415160 -0.086464
v -0.068979 0.413878 -0.091248
v -0.068979 0.413446 -0.293363
v -0.068979 0.441863 -0.321780
v -0.068979 0.413878 -0.298298
v -0.068979 0.415160 -0.303082
v -0.068979 0.417253 -0.307572
v -0.068979 0.420094 -0.311629
v -0.068979 0.423597 -0.315132
v -0.068979 0.427655 -0.317973
v -0.068979 0.432144 -0.320066
v -0.068979 0.436928 -0.321348
v -0.068979 0.828788 -0.321780
v -0.068979 0.857260 -0.293363
v -0.068979 0.833723 -0.321348
v -0.068979 0.838510 -0.320066
v -0.068979 0.843003 -0.317973
v -0.068979 0.847066 -0.315132
v -0.068979 0.850576 -0.311629
v -0.068979 0.853425 -0.307572
v -0.068979 0.855527 -0.303082
v -0.068979 0.856818 -0.298298
v -0.088872 0.406541 -0.040202
v -0.088872 0.391467 -0.339791
v -0.068979 0.250989 0.544823
v -0.068979 0.286898 0.580732
v -0.068979 0.215080 0.580732
v -0.068979 0.251534 0.551058
v -0.068979 0.253155 0.557104
v -0.068979 0.255800 0.562777
v -0.068979 0.259390 0.567904
v -0.068979 0.263816 0.572330
v -0.068979 0.268944 0.575921
v -0.068979 0.274616 0.578566
v -0.068979 0.280663 0.580186
v -0.068979 0.286898 -0.454907
v -0.068979 0.250989 -0.418998
v -0.068979 0.215080 -0.454907
v -0.068979 0.280663 -0.454361
v -0.068979 0.274616 -0.452741
v -0.068979 0.268944 -0.450096
v -0.068979 0.263816 -0.446506
v -0.068979 0.259390 -0.442079
v -0.068979 0.255800 -0.436952
v -0.068979 0.253155 -0.431279
v -0.068979 0.251535 -0.425233
v -0.088872 0.259715 0.545899
v -0.088872 0.278764 -0.432146
v -0.092321 0.142625 0.861439
v -0.092321 0.139452 -0.592524
v -0.068979 0.220445 0.783618
v -0.068979 0.142944 0.705798
v -0.068979 0.209374 0.782826
v -0.068979 0.198534 0.780466
v -0.068979 0.188146 0.776586
v -0.068979 0.178423 0.771265
v -0.068979 0.169562 0.764611
v -0.068979 0.161743 0.756760
v -0.068979 0.155125 0.747871
v -0.068979 0.149844 0.738126
v -0.068979 0.146007 0.727723
v -0.068979 0.143691 0.716873
v -0.068979 0.220445 -0.514768
v -0.068979 0.144132 -0.463426
v -0.068979 0.146376 -0.471772
v -0.068979 0.150144 -0.479774
v -0.068979 0.155361 -0.487270
v -0.068979 0.161920 -0.494108
v -0.068979 0.169687 -0.500147
v -0.068979 0.178505 -0.505265
v -0.068979 0.188193 -0.509359
v -0.068979 0.198554 -0.512343
v -0.068979 0.209379 -0.514159
v -0.092321 1.000000 0.793356
v -0.081975 1.000000 0.783618
v -0.090469 1.000000 0.790347
v -0.088292 1.000000 0.787632
v -0.086003 1.000000 0.785478
v -0.083827 1.000000 0.784095
v -0.081931 1.000000 -0.514768
v -0.092321 1.000000 -0.524434
v -0.083790 1.000000 -0.515241
v -0.085976 1.000000 -0.516614
v -0.088275 1.000000 -0.518753
v -0.090461 1.000000 -0.521447
v -0.092321 0.141613 0.722612
v -0.082042 0.142765 0.705798
v -0.091818 0.141932 0.717416
v -0.090358 0.142234 0.712729
v -0.088084 0.142489 0.709009
v -0.085218 0.142672 0.706621
v -0.081975 0.220445 0.783618
v -0.092321 0.210780 0.793283
v -0.085172 0.219972 0.784091
v -0.088056 0.218599 0.785464
v -0.090345 0.216461 0.787603
v -0.091814 0.213767 0.790297
v -0.082024 0.143538 0.716873
v -0.092321 0.143282 0.741395
v -0.085206 0.143494 0.718073
v -0.088076 0.143441 0.721556
v -0.090354 0.143384 0.726981
v -0.091817 0.143330 0.733817
v -0.082011 0.145878 0.727723
v -0.092321 0.145286 0.748560
v -0.085197 0.145823 0.728742
v -0.088071 0.145725 0.731702
v -0.090352 0.145594 0.736312
v -0.091816 0.145442 0.742121
v -0.082001 0.149740 0.738126
v -0.092321 0.148635 0.756057
v -0.085190 0.149664 0.739003
v -0.088067 0.149496 0.741550
v -0.090350 0.149251 0.745517
v -0.091816 0.148955 0.750516
v -0.081993 0.155043 0.747871
v -0.092321 0.153281 0.763474
v -0.085185 0.154940 0.748634
v -0.088064 0.154681 0.750851
v -0.090348 0.154291 0.754302
v -0.091815 0.153809 0.758652
v -0.081988 0.161681 0.756760
v -0.092321 0.159136 0.770509
v -0.085181 0.161544 0.757432
v -0.088061 0.161176 0.759385
v -0.090347 0.160613 0.762427
v -0.091815 0.159910 0.766260
v -0.081984 0.169518 0.764611
v -0.092321 0.166072 0.776911
v -0.085178 0.169341 0.765213
v -0.088060 0.168846 0.766960
v -0.090347 0.168084 0.769681
v -0.091815 0.167128 0.773110
v -0.081980 0.178395 0.771265
v -0.092321 0.173932 0.782466
v -0.085176 0.178170 0.771813
v -0.088058 0.177533 0.773404
v -0.090346 0.176546 0.775882
v -0.091815 0.175305 0.779005
v -0.081978 0.188130 0.776586
v -0.092321 0.182533 0.787001
v -0.085174 0.187853 0.777096
v -0.088057 0.187056 0.778575
v -0.090346 0.185818 0.780879
v -0.091815 0.184259 0.783783
v -0.081977 0.198526 0.780466
v -0.092321 0.191677 0.790380
v -0.085173 0.198190 0.780951
v -0.088057 0.197216 0.782360
v -0.090345 0.195701 0.784553
v -0.091815 0.193792 0.787317
v -0.081976 0.209372 0.782826
v -0.092321 0.201156 0.792500
v -0.085172 0.208969 0.783300
v -0.088056 0.207802 0.784674
v -0.090345 0.205985 0.786814
v -0.091814 0.203695 0.789511
v -0.092321 0.210461 -0.524353
v -0.081929 0.220445 -0.514768
v -0.091812 0.213546 -0.521391
v -0.090336 0.216330 -0.518719
v -0.088037 0.218538 -0.516599
v -0.085140 0.219957 -0.515237
v -0.082070 0.142991 -0.444834
v -0.092321 0.141986 -0.468264
v -0.085238 0.142846 -0.443930
v -0.088095 0.142654 -0.446180
v -0.090363 0.142431 -0.451363
v -0.091819 0.142201 -0.458973
v -0.081924 0.209374 -0.514057
v -0.092321 0.200842 -0.523557
v -0.085137 0.208955 -0.514501
v -0.088035 0.207743 -0.515839
v -0.090335 0.205855 -0.517941
v -0.091812 0.203477 -0.520601
v -0.081920 0.198536 -0.511940
v -0.092321 0.191362 -0.521422
v -0.085134 0.198181 -0.512320
v -0.088034 0.197160 -0.513622
v -0.090334 0.195572 -0.515720
v -0.091812 0.193575 -0.518408
v -0.081924 0.188151 -0.508458
v -0.092321 0.182212 -0.518025
v -0.085137 0.187852 -0.508739
v -0.088035 0.187003 -0.509999
v -0.090335 0.185689 -0.512115
v -0.091812 0.184038 -0.514880
v -0.081944 0.178431 -0.503682
v -0.092321 0.173598 -0.513467
v -0.085151 0.178179 -0.503831
v -0.088043 0.177485 -0.505048
v -0.090339 0.176416 -0.507212
v -0.091813 0.175076 -0.510114
v -0.081982 0.169574 -0.497703
v -0.092321 0.165721 -0.507885
v -0.085177 0.169362 -0.497696
v -0.088059 0.168802 -0.498877
v -0.090346 0.167950 -0.501129
v -0.091815 0.166888 -0.504233
v -0.082032 0.161759 -0.490641
v -0.092321 0.158761 -0.501452
v -0.085212 0.161579 -0.490460
v -0.088080 0.161136 -0.491622
v -0.090356 0.160473 -0.494014
v -0.091817 0.159654 -0.497401
v -0.082081 0.155146 -0.482640
v -0.092321 0.152877 -0.494383
v -0.085245 0.154992 -0.482273
v -0.088100 0.154646 -0.483446
v -0.090365 0.154144 -0.486044
v -0.091820 0.153535 -0.489813
v -0.082114 0.149870 -0.473866
v -0.092321 0.148195 -0.486936
v -0.085268 0.149733 -0.473312
v -0.088113 0.149466 -0.474541
v -0.090371 0.149095 -0.477432
v -0.091821 0.148657 -0.481703
v -0.082120 0.146039 -0.464509
v -0.092321 0.144804 -0.479431
v -0.085272 0.145910 -0.463774
v -0.088116 0.145699 -0.465122
v -0.090373 0.145426 -0.468423
v -0.091822 0.145117 -0.473354
v -0.082100 0.143730 -0.454767
v -0.092321 0.142749 -0.472361
v -0.085259 0.143600 -0.453874
v -0.088108 0.143418 -0.455451
v -0.090369 0.143201 -0.459343
v -0.091821 0.142971 -0.465170
v -0.088872 0.837527 -0.062492
v -0.082899 0.829286 -0.067766
v -0.087122 0.831700 -0.066222
v -0.088872 0.863620 -0.095934
v -0.082899 0.857647 -0.096183
v -0.087122 0.859396 -0.096110
v -0.088872 0.835261 -0.062293
v -0.082899 0.834220 -0.068198
v -0.087122 0.834525 -0.066469
v -0.088872 0.841054 -0.063846
v -0.082899 0.839002 -0.069480
v -0.087122 0.839603 -0.067830
v -0.088872 0.846487 -0.066382
v -0.082899 0.843487 -0.071574
v -0.087122 0.844366 -0.070053
v -0.088872 0.851397 -0.069825
v -0.082899 0.847539 -0.074415
v -0.087122 0.848669 -0.073070
v -0.088872 0.855632 -0.074068
v -0.082899 0.851034 -0.077917
v -0.087122 0.852381 -0.076790
v -0.088872 0.859065 -0.078984
v -0.082899 0.853868 -0.081975
v -0.087122 0.855390 -0.081099
v -0.088872 0.861590 -0.084423
v -0.082899 0.855952 -0.086464
v -0.087122 0.857603 -0.085866
v -0.088872 0.863132 -0.090218
v -0.082899 0.857225 -0.091248
v -0.087122 0.858955 -0.090947
v -0.088872 0.411383 -0.079457
v -0.082899 0.413446 -0.096183
v -0.087122 0.412842 -0.091284
v -0.082899 0.441863 -0.067766
v -0.088872 0.435139 -0.062520
v -0.087122 0.439893 -0.066230
v -0.082899 0.413878 -0.091248
v -0.088872 0.412081 -0.078748
v -0.087122 0.413352 -0.087587
v -0.082899 0.415160 -0.086464
v -0.088872 0.413253 -0.076227
v -0.087122 0.414601 -0.083466
v -0.082899 0.417253 -0.081975
v -0.088872 0.415038 -0.073336
v -0.087122 0.416604 -0.079444
v -0.082899 0.420094 -0.077917
v -0.088872 0.417420 -0.070474
v -0.087122 0.419311 -0.075737
v -0.082899 0.423597 -0.074415
v -0.088872 0.420332 -0.067865
v -0.087122 0.422641 -0.072496
v -0.082899 0.427655 -0.071574
v -0.088872 0.423679 -0.065666
v -0.087122 0.426490 -0.069843
v -0.082899 0.432144 -0.069480
v -0.088872 0.427344 -0.063991
v -0.087122 0.430738 -0.067872
v -0.082899 0.436928 -0.068198
v -0.088872 0.431202 -0.062922
v -0.087122 0.435251 -0.066653
v -0.088872 0.432154 -0.325249
v -0.082899 0.441863 -0.321780
v -0.087122 0.439019 -0.322796
v -0.082899 0.413446 -0.293363
v -0.088872 0.410628 -0.299317
v -0.087122 0.412621 -0.295107
v -0.082899 0.436928 -0.321348
v -0.088872 0.428629 -0.324715
v -0.087122 0.434497 -0.322334
v -0.082899 0.432144 -0.320066
v -0.088872 0.425062 -0.323500
v -0.087122 0.430069 -0.321072
v -0.082899 0.427655 -0.317973
v -0.088872 0.421595 -0.321626
v -0.087122 0.425880 -0.319043
v -0.082899 0.423597 -0.315132
v -0.088872 0.418380 -0.319136
v -0.087122 0.422069 -0.316304
v -0.082899 0.420094 -0.311629
v -0.088872 0.415557 -0.316093
v -0.087122 0.418765 -0.312936
v -0.082899 0.417253 -0.307572
v -0.088872 0.413250 -0.312574
v -0.087122 0.416081 -0.309037
v -0.082899 0.415160 -0.303082
v -0.088872 0.411571 -0.308642
v -0.087122 0.414109 -0.304711
v -0.082899 0.413878 -0.298298
v -0.088872 0.410635 -0.304301
v -0.087122 0.412928 -0.300056
v -0.088872 0.863232 -0.293636
v -0.082899 0.857260 -0.293363
v -0.087122 0.859009 -0.293443
v -0.088872 0.856568 -0.325346
v -0.082899 0.828788 -0.321780
v -0.087122 0.836924 -0.322824
v -0.088872 0.862721 -0.299350
v -0.082899 0.856818 -0.298298
v -0.087122 0.858547 -0.298606
v -0.088872 0.861158 -0.305143
v -0.082899 0.855527 -0.303082
v -0.087122 0.857176 -0.303686
v -0.088872 0.858613 -0.310577
v -0.082899 0.853425 -0.307572
v -0.087122 0.854944 -0.308452
v -0.088872 0.855165 -0.315488
v -0.082899 0.850576 -0.311629
v -0.087122 0.851920 -0.312759
v -0.088872 0.850917 -0.319728
v -0.082899 0.847066 -0.315132
v -0.087122 0.848194 -0.316478
v -0.088872 0.845999 -0.323167
v -0.082899 0.843003 -0.317973
v -0.087122 0.843881 -0.319494
v -0.088872 0.840559 -0.325701
v -0.082899 0.838510 -0.320066
v -0.087122 0.839110 -0.321716
v -0.088872 0.834764 -0.327253
v -0.082899 0.833723 -0.321348
v -0.087122 0.834028 -0.323077
v -0.083814 1.000000 0.580732
v -0.088872 1.000000 0.574064
v -0.086343 1.000000 0.579838
v -0.088194 1.000000 0.577398
v -0.088872 1.000000 -0.449818
v -0.083814 1.000000 -0.454907
v -0.088194 1.000000 -0.452362
v -0.086343 1.000000 -0.454225
v -0.088872 0.281645 0.574000
v -0.083814 0.286898 0.580732
v -0.088194 0.284271 0.577366
v -0.086343 0.286194 0.579830
v -0.083814 0.250989 0.544823
v -0.088872 0.255142 0.545335
v -0.086343 0.251545 0.544891
v -0.088194 0.253066 0.545079
v -0.083814 0.280663 0.580186
v -0.088872 0.276492 0.573359
v -0.086343 0.280104 0.579271
v -0.088194 0.278577 0.576773
v -0.083814 0.274616 0.578566
v -0.088872 0.271486 0.571704
v -0.086343 0.274197 0.577647
v -0.088194 0.273051 0.575135
v -0.083814 0.268944 0.575921
v -0.088872 0.266851 0.569112
v -0.086343 0.268663 0.575008
v -0.088194 0.267897 0.572516
v -0.083814 0.263816 0.572330
v -0.088872 0.262789 0.565713
v -0.086343 0.263679 0.571444
v -0.088194 0.263303 0.569022
v -0.083814 0.259390 0.567904
v -0.088872 0.259482 0.561697
v -0.086343 0.259402 0.567073
v -0.088194 0.259436 0.564801
v -0.083814 0.255800 0.562777
v -0.088872 0.257064 0.557326
v -0.086343 0.255969 0.562047
v -0.088194 0.256432 0.560052
v -0.083814 0.253155 0.557104
v -0.088872 0.255598 0.552931
v -0.086343 0.253482 0.556545
v -0.088194 0.254376 0.555018
v -0.083814 0.251534 0.551058
v -0.088872 0.255020 0.548860
v -0.086343 0.252001 0.550763
v -0.088194 0.253277 0.549959
v -0.088872 0.255491 -0.421129
v -0.083814 0.250989 -0.418998
v -0.088194 0.253240 -0.420063
v -0.086343 0.251592 -0.419283
v -0.083814 0.286898 -0.454907
v -0.088872 0.285079 -0.449816
v -0.086343 0.286654 -0.454225
v -0.088194 0.285988 -0.452361
v -0.083814 0.251535 -0.425233
v -0.088872 0.256267 -0.426435
v -0.086343 0.252169 -0.425394
v -0.088194 0.253901 -0.425834
v -0.083814 0.253155 -0.431279
v -0.088872 0.257904 -0.431440
v -0.086343 0.253791 -0.431301
v -0.088194 0.255529 -0.431360
v -0.083814 0.255800 -0.436952
v -0.088872 0.260311 -0.436008
v -0.086343 0.256404 -0.436826
v -0.088194 0.258055 -0.436480
v -0.083814 0.259390 -0.442079
v -0.088872 0.263384 -0.440032
v -0.086343 0.259925 -0.441805
v -0.088194 0.261387 -0.441056
v -0.083814 0.263816 -0.446506
v -0.088872 0.267013 -0.443434
v -0.086343 0.264244 -0.446094
v -0.088194 0.265415 -0.444970
v -0.083814 0.268944 -0.450096
v -0.088872 0.271097 -0.446160
v -0.086343 0.269232 -0.449568
v -0.088194 0.270020 -0.448128
v -0.083814 0.274616 -0.452741
v -0.088872 0.275539 -0.448162
v -0.086343 0.274740 -0.452128
v -0.088194 0.275078 -0.450452
v -0.083814 0.280663 -0.454361
v -0.088872 0.280238 -0.449396
v -0.086343 0.280606 -0.453696
v -0.088194 0.280450 -0.451879
v -0.066587 -0.114969 0.694451
v -0.066587 -0.063961 0.643521
v -0.066587 -0.033767 0.735639
v -0.066587 -0.103619 0.693189
v -0.066587 -0.092838 0.689433
v -0.066587 -0.083166 0.683371
v -0.066587 -0.075090 0.675307
v -0.066587 -0.069013 0.665645
v -0.066587 -0.065240 0.654869
v -0.066587 -0.063961 -0.587325
v -0.066587 -0.114969 -0.638323
v -0.066587 -0.033338 -0.679125
v -0.066587 -0.065240 -0.598675
v -0.066587 -0.069013 -0.609456
v -0.066587 -0.075090 -0.619126
v -0.066587 -0.083166 -0.627201
v -0.066587 -0.092838 -0.633276
v -0.066587 -0.103619 -0.637046
v -0.066587 -0.914769 -0.638170
v -0.066587 -0.965776 -0.587152
v -0.066587 -0.985922 -0.685021
v -0.066587 -0.926119 -0.636889
v -0.066587 -0.936900 -0.633114
v -0.066587 -0.946572 -0.627035
v -0.066587 -0.954648 -0.618957
v -0.066587 -0.960725 -0.609284
v -0.066587 -0.964498 -0.598503
v -0.066587 -0.965776 0.642151
v -0.066587 -0.914769 0.693236
v -0.066587 -0.984349 0.740665
v -0.066587 -0.964498 0.653503
v -0.066587 -0.960725 0.664290
v -0.066587 -0.954648 0.673971
v -0.066587 -0.946572 0.682060
v -0.066587 -0.936900 0.688151
v -0.066587 -0.926119 0.691940
v -0.090778 -0.070766 0.643139
v -0.083974 -0.063961 0.643521
v -0.089866 -0.067364 0.643330
v -0.087376 -0.064873 0.643470
v -0.090778 -0.115341 0.687646
v -0.083974 -0.114969 0.694451
v -0.089866 -0.115155 0.691049
v -0.087376 -0.115019 0.693539
v -0.090778 -0.071916 0.653345
v -0.083974 -0.065240 0.654869
v -0.089866 -0.068578 0.654107
v -0.087376 -0.066135 0.654665
v -0.090778 -0.075181 0.662672
v -0.083974 -0.069013 0.665645
v -0.089866 -0.072097 0.664158
v -0.087376 -0.069839 0.665246
v -0.090778 -0.080441 0.671034
v -0.083974 -0.075090 0.675307
v -0.089866 -0.077765 0.673170
v -0.087376 -0.075807 0.674734
v -0.090778 -0.087431 0.678014
v -0.083974 -0.083166 0.683371
v -0.089866 -0.085299 0.680692
v -0.087376 -0.083738 0.682653
v -0.090778 -0.095801 0.683260
v -0.083974 -0.092838 0.689433
v -0.089866 -0.094319 0.686347
v -0.087376 -0.093235 0.688606
v -0.090778 -0.105133 0.686511
v -0.083974 -0.103619 0.693189
v -0.089866 -0.104376 0.689850
v -0.087376 -0.103822 0.692295
v -0.090778 -0.115350 -0.631519
v -0.083974 -0.114969 -0.638323
v -0.089866 -0.115160 -0.634921
v -0.087376 -0.115020 -0.637411
v -0.090778 -0.070766 -0.586943
v -0.083974 -0.063961 -0.587325
v -0.089866 -0.067364 -0.587134
v -0.087376 -0.064873 -0.587274
v -0.090778 -0.105141 -0.630370
v -0.083974 -0.103619 -0.637046
v -0.089866 -0.104380 -0.633708
v -0.087376 -0.103823 -0.636152
v -0.090778 -0.095808 -0.627106
v -0.083974 -0.092838 -0.633276
v -0.089866 -0.094323 -0.630191
v -0.087376 -0.093236 -0.632449
v -0.090778 -0.087435 -0.621847
v -0.083974 -0.083166 -0.627201
v -0.089866 -0.085301 -0.624524
v -0.087376 -0.083738 -0.626484
v -0.090778 -0.080443 -0.614856
v -0.083974 -0.075090 -0.619126
v -0.089866 -0.077766 -0.616991
v -0.087376 -0.075807 -0.618554
v -0.090778 -0.075182 -0.606484
v -0.083974 -0.069013 -0.609456
v -0.089866 -0.072097 -0.607970
v -0.087376 -0.069839 -0.609058
v -0.090778 -0.071916 -0.597152
v -0.083974 -0.065240 -0.598675
v -0.089866 -0.068578 -0.597913
v -0.087376 -0.066135 -0.598471
v -0.090778 -0.958972 -0.586770
v -0.083974 -0.965776 -0.587152
v -0.089866 -0.962374 -0.586961
v -0.087376 -0.964865 -0.587101
v -0.090778 -0.914385 -0.631365
v -0.083974 -0.914769 -0.638170
v -0.089866 -0.914577 -0.634767
v -0.087376 -0.914717 -0.637258
v -0.090778 -0.957822 -0.596979
v -0.083974 -0.964498 -0.598503
v -0.089866 -0.961160 -0.597741
v -0.087376 -0.963603 -0.598298
v -0.090778 -0.954556 -0.606314
v -0.083974 -0.960725 -0.609284
v -0.089866 -0.957640 -0.607799
v -0.087376 -0.959899 -0.608886
v -0.090778 -0.949294 -0.614688
v -0.083974 -0.954648 -0.618957
v -0.089866 -0.951971 -0.616823
v -0.087376 -0.953931 -0.618385
v -0.090778 -0.942302 -0.621682
v -0.083974 -0.946572 -0.627035
v -0.089866 -0.944437 -0.624359
v -0.087376 -0.946000 -0.626318
v -0.090778 -0.933928 -0.626945
v -0.083974 -0.936900 -0.633114
v -0.089866 -0.935414 -0.630030
v -0.087376 -0.936502 -0.632288
v -0.090778 -0.924594 -0.630213
v -0.083974 -0.926119 -0.636889
v -0.089866 -0.925357 -0.633551
v -0.087376 -0.925915 -0.635994
v -0.090778 -0.914377 0.686432
v -0.083974 -0.914769 0.693236
v -0.089866 -0.914573 0.689834
v -0.087376 -0.914716 0.692325
v -0.090778 -0.958972 0.641769
v -0.083974 -0.965776 0.642151
v -0.089866 -0.962374 0.641960
v -0.087376 -0.964865 0.642100
v -0.090778 -0.924586 0.685267
v -0.083974 -0.926119 0.691940
v -0.089866 -0.925353 0.688603
v -0.087376 -0.925914 0.691046
v -0.090778 -0.933922 0.681985
v -0.083974 -0.936900 0.688151
v -0.089866 -0.935411 0.685068
v -0.087376 -0.936501 0.687325
v -0.090778 -0.942297 0.676710
v -0.083974 -0.946572 0.682060
v -0.089866 -0.944435 0.679385
v -0.087376 -0.945999 0.681343
v -0.090778 -0.949292 0.669704
v -0.083974 -0.954648 0.673971
v -0.089866 -0.951970 0.671838
v -0.087376 -0.953931 0.673399
v -0.090778 -0.954555 0.661321
v -0.083974 -0.960725 0.664290
v -0.089866 -0.957640 0.662806
v -0.087376 -0.959899 0.663892
v -0.090778 -0.957822 0.651980
v -0.083974 -0.964498 0.653503
v -0.089866 -0.961160 0.652742
v -0.087376 -0.963603 0.653299
v -0.092321 -0.141554 0.780624
v -0.092321 -0.001070 0.639792
v -0.092321 -0.000446 0.921432
v -0.092321 -0.117106 0.778483
v -0.092321 -0.093411 0.772127
v -0.092321 -0.071189 0.761752
v -0.092321 -0.051115 0.747671
v -0.092321 -0.033800 0.730312
v -0.092321 -0.019769 0.710204
v -0.092321 -0.009448 0.687956
v -0.092321 -0.003151 0.664245
v -0.092321 -0.003974 -0.576971
v -0.092321 -0.145131 -0.717788
v -0.092321 -0.004640 -0.858611
v -0.092321 -0.006172 -0.601424
v -0.092321 -0.012582 -0.625134
v -0.092321 -0.023009 -0.647381
v -0.092321 -0.037136 -0.667488
v -0.092321 -0.054535 -0.684844
v -0.092321 -0.074676 -0.698923
v -0.092321 -0.096947 -0.709297
v -0.092321 -0.120672 -0.715649
v -0.066587 -0.145131 -0.717788
v -0.066587 -0.003974 -0.576971
v -0.066587 -0.033308 -0.679165
v -0.066587 -0.120672 -0.715649
v -0.066587 -0.096947 -0.709297
v -0.066587 -0.074676 -0.698923
v -0.066587 -0.054535 -0.684844
v -0.066587 -0.037136 -0.667488
v -0.066587 -0.023009 -0.647381
v -0.066587 -0.012582 -0.625134
v -0.066587 -0.006172 -0.601424
v -0.066587 -0.001070 0.639792
v -0.066587 -0.141554 0.780624
v -0.066587 -0.033737 0.735679
v -0.066587 -0.003151 0.664245
v -0.066587 -0.009448 0.687956
v -0.066587 -0.019769 0.710204
v -0.066587 -0.033800 0.730312
v -0.066587 -0.051115 0.747671
v -0.066587 -0.071189 0.761752
v -0.066587 -0.093411 0.772127
v -0.066587 -0.117106 0.778483
v -0.092321 -0.945524 0.899151
v -0.092321 -0.899151 0.945524
v -0.092321 -0.978315 0.978315
v -0.092321 -0.944362 0.909470
v -0.092321 -0.940932 0.919272
v -0.092321 -0.935407 0.928064
v -0.092321 -0.928064 0.935407
v -0.092321 -0.919272 0.940932
v -0.092321 -0.909470 0.944362
v -0.092321 -0.899151 0.835166
v -0.092321 -0.945524 0.881543
v -0.092321 -0.978316 0.802380
v -0.092321 -0.909470 0.836329
v -0.092321 -0.919272 0.839760
v -0.092321 -0.928064 0.845285
v -0.092321 -0.935407 0.852629
v -0.092321 -0.940932 0.861422
v -0.092321 -0.944362 0.871224
v -0.092321 -0.781116 0.881529
v -0.092321 -0.827490 0.835160
v -0.092321 -0.748327 0.802363
v -0.092321 -0.782279 0.871210
v -0.092321 -0.785709 0.861409
v -0.092321 -0.791233 0.852616
v -0.092321 -0.798576 0.845274
v -0.092321 -0.807369 0.839750
v -0.092321 -0.817171 0.836321
v -0.092321 -0.827489 0.945524
v -0.092321 -0.781116 0.899151
v -0.092321 -0.748325 0.978315
v -0.092321 -0.817170 0.944362
v -0.092321 -0.807369 0.940932
v -0.092321 -0.798576 0.935407
v -0.092321 -0.791233 0.928064
v -0.092321 -0.785708 0.919272
v -0.092321 -0.782279 0.909470
v -0.090778 -0.254707 0.602628
v -0.090778 -0.244790 0.593023
v -0.090778 -0.236487 0.608378
v -0.090778 -0.251643 0.602240
v -0.090778 -0.248878 0.600919
v -0.090778 -0.246684 0.598794
v -0.090778 -0.245275 0.596073
v -0.090778 -0.281685 0.591841
v -0.090778 -0.271767 0.602081
v -0.090778 -0.291607 0.601844
v -0.090778 -0.281199 0.594923
v -0.090778 -0.279791 0.597734
v -0.090778 -0.277596 0.599999
v -0.090778 -0.274832 0.601497
v -0.090778 -0.244790 -0.536909
v -0.090778 -0.254712 -0.546792
v -0.090778 -0.235121 -0.549061
v -0.090778 -0.245275 -0.539973
v -0.090778 -0.246685 -0.542734
v -0.090778 -0.248880 -0.544920
v -0.090778 -0.251646 -0.546318
v -0.090778 -0.271762 -0.546723
v -0.090778 -0.281685 -0.536760
v -0.090778 -0.291607 -0.546693
v -0.090778 -0.274828 -0.546225
v -0.090778 -0.277594 -0.544804
v -0.090778 -0.279790 -0.542600
v -0.090778 -0.281199 -0.539828
v -0.090778 -0.465195 0.591841
v -0.090778 -0.455278 0.602081
v -0.090778 -0.475118 0.601844
v -0.090778 -0.464710 0.594923
v -0.090778 -0.463301 0.597734
v -0.090778 -0.461107 0.599999
v -0.090778 -0.458342 0.601497
v -0.090778 -0.438218 0.602628
v -0.090778 -0.428300 0.593023
v -0.090778 -0.418378 0.602865
v -0.090778 -0.435153 0.602240
v -0.090778 -0.432389 0.600919
v -0.090778 -0.430194 0.598794
v -0.090778 -0.428786 0.596073
v -0.090778 -0.428300 -0.536909
v -0.090778 -0.438223 -0.546792
v -0.090778 -0.418378 -0.546822
v -0.090778 -0.428786 -0.539973
v -0.090778 -0.430195 -0.542734
v -0.090778 -0.432391 -0.544920
v -0.090778 -0.435157 -0.546318
v -0.090778 -0.455272 -0.546723
v -0.090778 -0.465195 -0.536760
v -0.090778 -0.475118 -0.546693
v -0.090778 -0.458339 -0.546225
v -0.090778 -0.461105 -0.544804
v -0.090778 -0.463300 -0.542600
v -0.090778 -0.464709 -0.539828
v -0.090778 -0.648706 0.591841
v -0.090778 -0.638788 0.602081
v -0.090778 -0.648220 0.594923
v -0.090778 -0.646811 0.597734
v -0.090778 -0.644617 0.599999
v -0.090778 -0.641853 0.601497
v -0.090778 -0.621728 0.602628
v -0.090778 -0.611811 0.593023
v -0.090778 -0.601888 0.602865
v -0.090778 -0.618664 0.602240
v -0.090778 -0.615899 0.600919
v -0.090778 -0.613705 0.598794
v -0.090778 -0.612296 0.596073
v -0.090778 -0.611811 -0.536909
v -0.090778 -0.621733 -0.546792
v -0.090778 -0.601888 -0.546822
v -0.090778 -0.612296 -0.539973
v -0.090778 -0.613706 -0.542734
v -0.090778 -0.615901 -0.544920
v -0.090778 -0.618667 -0.546318
v -0.090778 -0.638783 -0.546723
v -0.090778 -0.648706 -0.536760
v -0.090778 -0.641849 -0.546225
v -0.090778 -0.644615 -0.544804
v -0.090778 -0.646811 -0.542600
v -0.090778 -0.648220 -0.539828
v -0.074692 -0.244790 0.593023
v -0.074692 -0.254707 0.602628
v -0.074692 -0.245275 0.596073
v -0.074692 -0.246684 0.598794
v -0.074692 -0.248878 0.600919
v -0.074692 -0.251643 0.602240
v -0.074692 -0.271767 0.602081
v -0.074692 -0.281685 0.591841
v -0.074692 -0.274832 0.601497
v -0.074692 -0.277596 0.599999
v -0.074692 -0.279791 0.597734
v -0.074692 -0.281199 0.594923
v -0.074692 -0.455278 0.602081
v -0.074692 -0.465195 0.591841
v -0.074692 -0.458342 0.601497
v -0.074692 -0.461107 0.599999
v -0.074692 -0.463301 0.597734
v -0.074692 -0.464710 0.594923
v -0.074692 -0.428300 0.593023
v -0.074692 -0.438218 0.602628
v -0.074692 -0.428786 0.596073
v -0.074692 -0.430194 0.598794
v -0.074692 -0.432389 0.600919
v -0.074692 -0.435153 0.602240
v -0.074692 -0.465195 -0.536760
v -0.074692 -0.455272 -0.546723
v -0.074692 -0.464709 -0.539828
v -0.074692 -0.463300 -0.542600
v -0.074692 -0.461105 -0.544804
v -0.074692 -0.458339 -0.546225
v -0.074692 -0.638788 0.602081
v -0.074692 -0.648706 0.591841
v -0.074692 -0.641853 0.601497
v -0.074692 -0.644617 0.599999
v -0.074692 -0.646811 0.597734
v -0.074692 -0.648220 0.594923
v -0.074692 -0.611811 0.593023
v -0.074692 -0.621728 0.602628
v -0.074692 -0.612296 0.596073
v -0.074692 -0.613705 0.598794
v -0.074692 -0.615899 0.600919
v -0.074692 -0.618664 0.602240
v -0.074692 -0.648706 -0.536760
v -0.074692 -0.638783 -0.546723
v -0.074692 -0.648220 -0.539828
v -0.074692 -0.646811 -0.542600
v -0.074692 -0.644615 -0.544804
v -0.074692 -0.641849 -0.546225
v -0.074692 -0.254712 -0.546792
v -0.074692 -0.244790 -0.536909
v -0.074692 -0.251646 -0.546318
v -0.074692 -0.248880 -0.544920
v -0.074692 -0.246685 -0.542734
v -0.074692 -0.245275 -0.539973
v -0.074692 -0.281685 -0.536760
v -0.074692 -0.271762 -0.546723
v -0.074692 -0.281199 -0.539828
v -0.074692 -0.279790 -0.542600
v -0.074692 -0.277594 -0.544804
v -0.074692 -0.274828 -0.546225
v -0.074692 -0.438223 -0.546792
v -0.074692 -0.428300 -0.536909
v -0.074692 -0.435157 -0.546318
v -0.074692 -0.432391 -0.544920
v -0.074692 -0.430195 -0.542734
v -0.074692 -0.428786 -0.539973
v -0.074692 -0.621733 -0.546792
v -0.074692 -0.611811 -0.536909
v -0.074692 -0.618667 -0.546318
v -0.074692 -0.615901 -0.544920
v -0.074692 -0.613706 -0.542734
v -0.074692 -0.612296 -0.539973
vn -0.0000 -0.0000 1.0000
vn -0.0000 0.0714 -0.9975
vn 1.0000 -0.0000 -0.0000
vn -0.0000 -1.0000 0.0024
vn -0.0000 0.9962 0.0872
vn -0.0000 -0.2588 0.9659
vn -0.0000 -0.2589 -0.9659
vn -0.0000 -0.0000 -1.0000
vn -0.0000 0.0872 -0.9962
vn -0.0000 -0.9964 -0.0852
vn -0.0000 0.9937 -0.1120
vn -0.0000 -0.0001 -1.0000
vn -0.0000 0.1105 0.9939
vn -0.0000 0.9438 0.3304
vn -0.0000 -0.1121 -0.9937
vn -0.0000 1.0000 -0.0000
vn -0.0000 -1.0000 -0.0000
vn -0.0000 0.7071 -0.7071
vn -0.0000 0.0001 1.0000
vn -0.0000 0.9962 -0.0872
vn -0.0000 0.9063 -0.4226
vn -0.0000 0.8192 -0.5736
vn -0.0000 0.5736 -0.8192
vn -0.0000 0.4226 -0.9063
vn -0.0000 0.2588 -0.9659
vn -0.0000 0.9659 -0.2588
vn -0.0000 0.0872 0.9962
vn -0.0000 0.4226 0.9063
vn -0.0000 0.5736 0.8192
vn -0.0000 0.7071 0.7071
vn -0.0000 0.8192 0.5736
vn -0.0000 0.9063 0.4226
vn -0.0000 0.9659 0.2588
vn -0.0000 -0.9960 0.0891
vn -0.0000 0.2588 0.9659
vn -0.0000 -0.4229 -0.9062
vn -0.0000 -0.5741 -0.8188
vn -0.0000 -0.7078 -0.7064
vn -0.0000 -0.8199 -0.5725
vn -0.0000 -0.9070 -0.4212
vn -0.0000 -0.9664 -0.2570
vn -0.0000 -1.0000 0.0020
vn -0.0000 -0.9655 0.2606
vn -0.0000 -0.2587 0.9660
vn -0.0000 -0.4223 0.9065
vn -0.0000 -0.5730 0.8195
vn -0.0000 -0.7064 0.7078
vn -0.0000 -0.8184 0.5746
vn -0.0000 -0.9056 0.4241
vn -0.0000 -0.0871 0.9962
vn -0.0000 -0.0872 0.9962
vn -0.0000 -0.4226 0.9063
vn -0.0000 -0.5736 0.8192
vn -0.0000 -0.7071 0.7071
vn -0.0000 -0.8192 0.5736
vn -0.0000 -0.9063 0.4226
vn -0.0000 -0.9659 0.2588
vn -0.0000 -0.9962 -0.0872
vn -0.0000 -0.9063 -0.4226
vn -0.0000 -0.8192 -0.5736
vn -0.0000 -0.7071 -0.7071
vn -0.0000 -0.5736 -0.8192
vn -0.0000 -0.4226 -0.9063
vn -0.0000 -0.2588 -0.9659
vn -0.0000 -0.9659 -0.2588
vn -0.0000 -0.0872 -0.9962
vn -0.0000 -0.9962 0.0872
vn 0.0127 0.9976 -0.0684
vn 0.0084 0.9378 -0.3470
vn 0.0063 0.8788 -0.4772
vn 0.0044 0.8017 -0.5978
vn 0.0029 0.7082 -0.7061
vn 0.0016 0.6001 -0.7999
vn 0.0008 0.4798 -0.8774
vn 0.0003 0.3498 -0.9368
vn 0.0001 0.2127 -0.9771
vn 0.0106 0.9777 -0.2098
vn -0.0039 0.0595 0.9982
vn -0.0473 0.2972 0.9536
vn -0.0850 0.4141 0.9063
vn -0.1265 0.5273 0.8402
vn -0.1646 0.6345 0.7552
vn -0.1913 0.7338 0.6519
vn -0.1981 0.8235 0.5315
vn -0.1769 0.9016 0.3948
vn -0.1197 0.9628 0.2422
vn -0.0190 0.1786 0.9837
vn -0.0214 0.9969 0.0763
vn 0.0422 0.9991 0.0003
vn 0.0439 0.9966 -0.0704
vn 0.1155 0.9906 -0.0731
vn 0.2196 0.9726 -0.0762
vn 0.4088 0.9095 -0.0755
vn 0.8258 0.5618 -0.0490
vn 0.0888 0.9734 -0.2112
vn 0.2590 0.9430 -0.2088
vn 0.4714 0.8594 -0.1981
vn 0.7387 0.6547 -0.1603
vn 0.9665 0.2480 -0.0659
vn 0.1222 0.9300 -0.3466
vn 0.3570 0.8737 -0.3305
vn 0.6045 0.7422 -0.2892
vn 0.8375 0.5062 -0.2061
vn 0.9816 0.1755 -0.0757
vn 0.1462 0.8683 -0.4740
vn 0.4217 0.7937 -0.4384
vn 0.6770 0.6407 -0.3621
vn 0.8784 0.4126 -0.2412
vn 0.9867 0.1389 -0.0849
vn 0.1628 0.7899 -0.5913
vn 0.4636 0.7070 -0.5341
vn 0.7179 0.5518 -0.4244
vn 0.8983 0.3449 -0.2722
vn 0.9889 0.1149 -0.0938
vn 0.1733 0.6964 -0.6964
vn 0.4893 0.6145 -0.6188
vn 0.7409 0.4700 -0.4798
vn 0.9086 0.2893 -0.3013
vn 0.9901 0.0961 -0.1026
vn 0.1789 0.5896 -0.7876
vn 0.5028 0.5163 -0.6933
vn 0.7523 0.3911 -0.5303
vn 0.9134 0.2394 -0.3292
vn 0.9906 0.0796 -0.1114
vn 0.1799 0.4715 -0.8633
vn 0.5060 0.4124 -0.7576
vn 0.7548 0.3122 -0.5769
vn 0.9144 0.1914 -0.3568
vn 0.9907 0.0639 -0.1205
vn 0.1766 0.3441 -0.9222
vn 0.4994 0.3026 -0.8118
vn 0.7491 0.2311 -0.6208
vn 0.9117 0.1430 -0.3852
vn 0.9903 0.0482 -0.1302
vn 0.1687 0.2097 -0.9631
vn 0.4822 0.1868 -0.8559
vn 0.7340 0.1455 -0.6634
vn 0.9046 0.0919 -0.4162
vn 0.9895 0.0315 -0.1413
vn 0.1555 0.0707 -0.9853
vn 0.4521 0.0646 -0.8896
vn 0.7057 0.0524 -0.7065
vn 0.8906 0.0347 -0.4534
vn 0.9877 0.0124 -0.1559
vn 0.1493 0.0646 0.9867
vn 0.4442 0.0612 0.8938
vn 0.6998 0.0514 0.7124
vn 0.8882 0.0349 0.4581
vn 0.9874 0.0127 0.1575
vn 0.1475 0.1929 0.9701
vn 0.4640 0.1786 0.8676
vn 0.7241 0.1434 0.6746
vn 0.9016 0.0924 0.4225
vn 0.9892 0.0319 0.1428
vn 0.1290 0.3201 0.9386
vn 0.4641 0.2940 0.8356
vn 0.7324 0.2311 0.6405
vn 0.9074 0.1449 0.3945
vn 0.9901 0.0488 0.1316
vn 0.0978 0.4448 0.8903
vn 0.4488 0.4088 0.7947
vn 0.7293 0.3181 0.6058
vn 0.9083 0.1961 0.3695
vn 0.9904 0.0648 0.1220
vn 0.0592 0.5645 0.8233
vn 0.4212 0.5224 0.7414
vn 0.7167 0.4061 0.5669
vn 0.9054 0.2480 0.3445
vn 0.9903 0.0806 0.1129
vn 0.0198 0.6757 0.7369
vn 0.3843 0.6323 0.6726
vn 0.6949 0.4958 0.5209
vn 0.8986 0.3023 0.3180
vn 0.9898 0.0971 0.1037
vn -0.0137 0.7749 0.6319
vn 0.3405 0.7350 0.5863
vn 0.6620 0.5876 0.4653
vn 0.8863 0.3619 0.2889
vn 0.9888 0.1155 0.0944
vn -0.0347 0.8592 0.5105
vn 0.2919 0.8261 0.4821
vn 0.6140 0.6819 0.3975
vn 0.8647 0.4321 0.2561
vn 0.9867 0.1384 0.0849
vn -0.0377 0.9262 0.3752
vn 0.2392 0.9014 0.3608
vn 0.5422 0.7792 0.3143
vn 0.8241 0.5231 0.2172
vn 0.9823 0.1716 0.0750
vn -0.0193 0.9733 0.2288
vn 0.1816 0.9573 0.2247
vn 0.4312 0.8772 0.2110
vn 0.7373 0.6548 0.1660
vn 0.9708 0.2314 0.0638
vn 0.0219 0.9969 0.0749
vn 0.1176 0.9900 0.0784
vn 0.2649 0.9605 0.0857
vn 0.5496 0.8305 0.0905
vn 0.9439 0.3265 0.0487
vn 0.0374 0.9993 0.0002
vn 0.0655 0.9979 0.0001
vn 0.1046 0.9945 0.0002
vn 0.1797 0.9837 0.0002
vn 0.4707 0.8823 0.0002
vn 0.1849 0.0002 -0.9828
vn 0.4785 0.0011 -0.8781
vn 0.6845 0.0018 -0.7290
vn 0.8296 0.0018 -0.5584
vn 0.9308 0.0008 -0.3656
vn 0.1827 0.0002 0.9832
vn 0.4740 0.0010 0.8805
vn 0.6800 0.0018 0.7332
vn 0.8264 0.0018 0.5630
vn 0.9292 0.0008 0.3695
vn 0.2361 0.9660 -0.1054
vn 0.9180 0.3825 -0.1049
vn 0.3211 0.9110 -0.2589
vn 0.9156 0.3779 -0.1377
vn 0.3815 0.8329 -0.4009
vn 0.9316 0.3187 -0.1746
vn 0.4195 0.7386 -0.5277
vn 0.9406 0.2683 -0.2078
vn 0.4400 0.6308 -0.6391
vn 0.9448 0.2240 -0.2390
vn 0.4458 0.5108 -0.7351
vn 0.9456 0.1820 -0.2698
vn 0.4376 0.3793 -0.8153
vn 0.9430 0.1393 -0.3022
vn 0.4144 0.2365 -0.8789
vn 0.9360 0.0928 -0.3395
vn 0.3728 0.0825 -0.9242
vn 0.9206 0.0374 -0.3887
vn 0.2827 0.0902 0.9549
vn 0.8762 0.0592 0.4782
vn 0.3464 0.2497 0.9042
vn 0.9126 0.1210 0.3904
vn 0.3853 0.3959 0.8336
vn 0.9276 0.1697 0.3329
vn 0.4048 0.5289 0.7459
vn 0.9334 0.2142 0.2878
vn 0.4080 0.6486 0.6425
vn 0.9337 0.2589 0.2474
vn 0.3954 0.7545 0.5239
vn 0.9285 0.3081 0.2073
vn 0.3653 0.8453 0.3898
vn 0.9149 0.3692 0.1632
vn 0.3137 0.9188 0.2397
vn 0.8828 0.4573 0.1076
vn 0.2338 0.9696 0.0725
vn 0.7928 0.6092 0.0193
vn 0.9239 -0.0334 -0.3812
vn -0.9239 0.0334 0.3812
vn 0.3827 -0.0805 -0.9204
vn 0.9239 -0.0991 -0.3696
vn 0.3827 -0.2392 -0.8924
vn 0.9239 -0.1619 -0.3468
vn 0.3827 -0.3907 -0.8372
vn 0.9239 -0.2197 -0.3133
vn 0.3827 -0.5304 -0.7565
vn 0.9239 -0.2709 -0.2703
vn 0.3827 -0.6539 -0.6526
vn 0.9239 -0.3138 -0.2191
vn 0.3827 -0.7575 -0.5289
vn 0.9239 -0.3471 -0.1612
vn 0.3827 -0.8379 -0.3891
vn 0.9239 -0.3698 -0.0984
vn 0.3827 -0.8928 -0.2375
vn 0.9239 -0.3813 -0.0326
vn 0.3827 -0.9205 -0.0787
vn -0.9239 0.0333 -0.3812
vn -0.3827 0.0805 -0.9204
vn 0.3827 -0.0805 0.9204
vn 0.9239 -0.0990 0.3697
vn 0.3827 -0.2390 0.8924
vn 0.9239 -0.1616 0.3469
vn 0.3827 -0.3902 0.8375
vn 0.9239 -0.2193 0.3136
vn 0.3827 -0.5294 0.7571
vn 0.9239 -0.2703 0.2709
vn 0.3827 -0.6526 0.6539
vn 0.9239 -0.3132 0.2199
vn 0.3827 -0.7561 0.5309
vn 0.9239 -0.3466 0.1623
vn 0.3827 -0.8367 0.3918
vn 0.9239 -0.3695 0.0997
vn 0.3827 -0.8920 0.2408
vn 0.9239 -0.3812 0.0341
vn 0.3827 -0.9202 0.0823
vn 0.9049 -0.0000 -0.4256
vn 0.3427 -0.0000 -0.9394
vn 0.9239 -0.3827 0.0008
vn 0.3827 -0.9239 0.0018
vn 0.7041 0.7101 -0.0016
vn 0.1671 0.9859 -0.0005
vn 0.8179 0.0001 0.5754
vn 0.2370 -0.0000 0.9715
vn 0.3180 -0.0846 0.9443
vn 0.7792 -0.0610 0.6238
vn 0.9770 -0.0241 0.2121
vn 0.2867 -0.2510 0.9246
vn 0.7409 -0.1843 0.6458
vn 0.9704 -0.0721 0.2306
vn 0.2593 -0.4119 0.8736
vn 0.7016 -0.3145 0.6394
vn 0.9625 -0.1275 0.2396
vn 0.2357 -0.5613 0.7933
vn 0.6629 -0.4442 0.6027
vn 0.9533 -0.1881 0.2362
vn 0.2160 -0.6941 0.6867
vn 0.6270 -0.5654 0.5359
vn 0.9435 -0.2499 0.2176
vn 0.2010 -0.8056 0.5573
vn 0.5978 -0.6695 0.4409
vn 0.9346 -0.3058 0.1817
vn 0.1920 -0.8918 0.4096
vn 0.5807 -0.7476 0.3224
vn 0.9297 -0.3451 0.1289
vn 0.1911 -0.9495 0.2489
vn 0.5821 -0.7910 0.1882
vn 0.9322 -0.3560 0.0654
vn 0.2011 -0.9762 0.0808
vn 0.6071 -0.7931 0.0493
vn 0.9427 -0.3337 0.0036
vn 0.2293 -0.9694 -0.0881
vn 0.6580 -0.7490 -0.0780
vn 0.9550 -0.2941 -0.0382
vn 0.2268 -0.9400 -0.2550
vn 0.6541 -0.7276 -0.2069
vn 0.9543 -0.2855 -0.0885
vn 0.2249 -0.8820 -0.4142
vn 0.6511 -0.6835 -0.3300
vn 0.9538 -0.2677 -0.1363
vn 0.2240 -0.7971 -0.5608
vn 0.6501 -0.6175 -0.4428
vn 0.9538 -0.2409 -0.1794
vn 0.2246 -0.6878 -0.6902
vn 0.6516 -0.5317 -0.5410
vn 0.9544 -0.2062 -0.2158
vn 0.2272 -0.5576 -0.7984
vn 0.6566 -0.4289 -0.6204
vn 0.9557 -0.1650 -0.2437
vn 0.2323 -0.4105 -0.8818
vn 0.6655 -0.3131 -0.6776
vn 0.9577 -0.1192 -0.2618
vn 0.2403 -0.2510 -0.9377
vn 0.6787 -0.1891 -0.7096
vn 0.9605 -0.0711 -0.2691
vn 0.2518 -0.0843 -0.9641
vn 0.6966 -0.0624 -0.7148
vn 0.9640 -0.0231 -0.2650
vn 0.9543 -0.2989 -0.0001
vn 0.6501 -0.7599 -0.0001
vn 0.2234 -0.9747 -0.0000
vn 0.9801 -0.0000 0.1983
vn 0.7981 -0.0000 0.6026
vn 0.3344 -0.0000 0.9424
vn 0.9663 -0.0000 -0.2573
vn 0.7093 -0.0000 -0.7049
vn 0.2603 -0.0000 -0.9655
vn -1.0000 -0.0000 -0.0000
vn 1.0000 -0.0000 -0.0001
vn -0.0000 -0.9439 -0.3303
vn -0.0000 -0.1135 0.9935
vn -0.0000 -0.3304 -0.9438
vn -0.0000 -0.5321 -0.8467
vn -0.0000 -0.7072 -0.7070
vn -0.0000 -0.8468 -0.5320
vn -0.0000 -0.9937 0.1119
vn -0.0000 -0.5330 0.8461
vn -0.0000 -0.7076 0.7066
vn -0.0000 -0.8470 0.5317
vn -0.0000 -0.9439 0.3301
vn -0.0000 -0.3316 0.9434
vn -0.0000 -0.0015 1.0000
vn -0.0000 0.1118 -0.9937
vn -0.0000 0.3290 0.9443
vn -0.0000 0.5311 0.8473
vn -0.0000 0.7066 0.7076
vn -0.0000 0.8465 0.5324
vn -0.0000 -0.0002 -1.0000
vn -0.0000 0.5319 -0.8468
vn -0.0000 0.7070 -0.7072
vn -0.0000 0.8467 -0.5321
vn -0.0000 0.9439 -0.3303
vn -0.0000 -0.9937 -0.1120
vn -0.0000 0.3301 -0.9439
vn -0.0000 0.0320 -0.9995
vn -0.0000 0.0040 1.0000
vn 0.9659 -0.0290 -0.2572
vn 0.7071 -0.0793 -0.7026
vn 0.2588 -0.1083 -0.9598
vn 0.9659 -0.0855 -0.2443
vn 0.7071 -0.2337 -0.6674
vn 0.2588 -0.3192 -0.9117
vn 0.9659 -0.1377 -0.2191
vn 0.7071 -0.3763 -0.5987
vn 0.2588 -0.5140 -0.8178
vn 0.9659 -0.1830 -0.1830
vn 0.7071 -0.5000 -0.4999
vn 0.2588 -0.6831 -0.6829
vn 0.9659 -0.2192 -0.1377
vn 0.7071 -0.5987 -0.3762
vn 0.2588 -0.8179 -0.5139
vn 0.9659 -0.2443 -0.0855
vn 0.7071 -0.6674 -0.2335
vn 0.2588 -0.9117 -0.3190
vn 0.9659 -0.2572 -0.0290
vn 0.7071 -0.7027 -0.0792
vn 0.2588 -0.9598 -0.1082
vn 0.9659 -0.0294 0.2571
vn 0.7071 -0.0802 0.7025
vn 0.2588 -0.1096 0.9597
vn 0.9659 -0.0858 0.2442
vn 0.7071 -0.2344 0.6671
vn 0.2588 -0.3203 0.9113
vn 0.9659 -0.1379 0.2190
vn 0.7071 -0.3769 0.5983
vn 0.2588 -0.5148 0.8173
vn 0.9659 -0.1832 0.1829
vn 0.7071 -0.5004 0.4996
vn 0.2588 -0.6835 0.6825
vn 0.9659 -0.2192 0.1376
vn 0.7071 -0.5989 0.3759
vn 0.2588 -0.8181 0.5136
vn 0.9659 -0.2443 0.0854
vn 0.7071 -0.6675 0.2334
vn 0.2588 -0.9118 0.3189
vn 0.9659 -0.2572 0.0290
vn 0.7071 -0.7027 0.0792
vn 0.2588 -0.9598 0.1081
vn 0.9659 0.0286 0.2572
vn 0.7071 0.0781 0.7028
vn 0.2588 0.1067 0.9600
vn 0.9659 0.0852 0.2444
vn 0.7071 0.2326 0.6677
vn 0.2588 0.3178 0.9122
vn 0.9659 0.1375 0.2193
vn 0.7071 0.3756 0.5991
vn 0.2588 0.5130 0.8184
vn 0.9659 0.1829 0.1832
vn 0.7071 0.4996 0.5004
vn 0.2588 0.6825 0.6835
vn 0.9659 0.2191 0.1378
vn 0.7071 0.5986 0.3765
vn 0.2588 0.8177 0.5143
vn 0.9659 0.2443 0.0855
vn 0.7071 0.6674 0.2337
vn 0.2588 0.9117 0.3192
vn 0.9659 0.2572 0.0290
vn 0.7071 0.7027 0.0792
vn 0.2588 0.9598 0.1082
vn 0.9659 0.0289 -0.2572
vn 0.7071 0.0790 -0.7027
vn 0.2588 0.1080 -0.9599
vn 0.9659 0.0854 -0.2443
vn 0.7071 0.2334 -0.6675
vn 0.2588 0.3189 -0.9118
vn 0.9659 0.1377 -0.2192
vn 0.7071 0.3761 -0.5988
vn 0.2588 0.5138 -0.8179
vn 0.9659 0.1830 -0.1830
vn 0.7071 0.5000 -0.5000
vn 0.2588 0.6829 -0.6831
vn 0.9659 0.2191 -0.1377
vn 0.7071 0.5987 -0.3762
vn 0.2588 0.8178 -0.5139
vn 0.9659 0.2443 -0.0855
vn 0.7071 0.6674 -0.2336
vn 0.2588 0.9117 -0.3190
vn 0.9659 0.2572 -0.0290
vn 0.7071 0.7027 -0.0792
vn 0.2588 0.9599 -0.1082
vn 0.9659 0.2588 -0.0000
vn 0.7071 0.7071 -0.0000
vn 0.2588 0.9659 -0.0000
vn 0.9659 -0.0004 0.2588
vn 0.7071 -0.0011 0.7071
vn 0.2588 -0.0015 0.9659
vn 0.9659 -0.0000 -0.2588
vn 0.7071 -0.0001 -0.7071
vn 0.2588 -0.0002 -0.9659
vn 0.9659 -0.2588 -0.0000
vn 0.7071 -0.7071 -0.0000
vn 0.2588 -0.9659 -0.0000
vn -0.0000 0.9937 0.1120
vn -0.0000 -0.9964 -0.0848
vn -0.0000 -0.9665 -0.2567
vn -0.0000 -0.9071 -0.4208
vn -0.0000 -0.8201 -0.5722
vn -0.0000 -0.7080 -0.7062
vn -0.0000 -0.5743 -0.8187
vn -0.0000 -0.4231 -0.9061
vn -0.0000 -0.2590 -0.9659
vn -0.0000 -0.0873 -0.9962
vn -0.0000 -0.2586 0.9660
vn -0.0000 -0.4222 0.9065
vn -0.0000 -0.5729 0.8196
vn -0.0000 -0.7063 0.7080
vn -0.0000 -0.8182 0.5749
vn -0.0000 -0.9055 0.4244
vn -0.0000 -0.9653 0.2610
vn -0.0000 -0.9960 0.0895
vn -0.0000 -0.1120 -0.9937
vn -0.0000 -0.3303 -0.9439
vn -0.0000 -0.5320 -0.8467
vn -0.0000 -0.8467 -0.5320
vn -0.0000 -0.1119 0.9937
vn -0.0000 -0.3302 0.9439
vn -0.0000 -0.5320 0.8468
vn -0.0000 -0.8467 0.5321
vn -0.0000 -0.9439 0.3303
vn -0.0000 -0.9937 0.1120
vn -0.0000 0.1121 0.9937
vn -0.0000 0.3304 0.9439
vn -0.0000 0.5321 0.8467
vn -0.0000 0.8467 0.5320
vn -0.0000 0.9439 0.3303
vn -0.0000 0.1120 -0.9937
vn -0.0000 0.3303 -0.9439
vn -0.0000 0.5320 -0.8467
vn -0.0000 0.8467 -0.5320
vn -0.0000 0.1603 0.9871
vn -0.0000 0.4568 0.8895
vn -0.0000 0.7085 0.7057
vn -0.0000 0.8914 0.4533
vn -0.0000 0.9877 0.1563
vn -0.0000 0.1871 -0.9823
vn -0.0000 0.4764 -0.8792
vn -0.0000 0.7183 -0.6957
vn -0.0000 0.8940 -0.4480
vn -0.0000 0.9878 -0.1556
vn -0.0000 -0.1254 -0.9921
vn -0.0000 -0.4311 -0.9023
vn -0.0000 -0.6957 -0.7183
vn -0.0000 -0.8880 -0.4598
vn -0.0000 -0.9876 -0.1571
vn -0.0000 -0.1526 0.9883
vn -0.0000 -0.4511 0.8925
vn -0.0000 -0.7057 0.7085
vn -0.0000 -0.8906 0.4547
vn -0.0000 -0.9877 0.1565
vn -0.0000 0.4569 0.8895
vn -0.0000 0.8914 0.4532
vn -0.0127 0.9976 -0.0684
vn -0.0084 0.9378 -0.3470
vn -0.0063 0.8788 -0.4772
vn -0.0044 0.8017 -0.5978
vn -0.0028 0.7081 -0.7061
vn -0.0016 0.6001 -0.7999
vn -0.0008 0.4798 -0.8774
vn -0.0003 0.3498 -0.9368
vn -0.0001 0.2127 -0.9771
vn -0.0106 0.9777 -0.2098
vn 0.0039 0.0595 0.9982
vn 0.0473 0.2972 0.9536
vn 0.0850 0.4141 0.9063
vn 0.1265 0.5273 0.8402
vn 0.1646 0.6345 0.7552
vn 0.1913 0.7338 0.6519
vn 0.1981 0.8235 0.5315
vn 0.1769 0.9016 0.3948
vn 0.1197 0.9628 0.2422
vn 0.0190 0.1786 0.9837
vn 0.0214 0.9969 0.0763
vn -0.0422 0.9991 0.0003
vn -0.0439 0.9966 -0.0704
vn -0.1155 0.9906 -0.0731
vn -0.2196 0.9726 -0.0762
vn -0.4088 0.9095 -0.0755
vn -0.8258 0.5618 -0.0490
vn -0.0888 0.9734 -0.2112
vn -0.2590 0.9430 -0.2088
vn -0.4714 0.8594 -0.1981
vn -0.7387 0.6547 -0.1603
vn -0.9665 0.2480 -0.0659
vn -0.1223 0.9300 -0.3466
vn -0.3570 0.8737 -0.3305
vn -0.6045 0.7422 -0.2892
vn -0.8375 0.5061 -0.2061
vn -0.9816 0.1755 -0.0757
vn -0.1462 0.8683 -0.4740
vn -0.4217 0.7937 -0.4384
vn -0.6770 0.6407 -0.3621
vn -0.8784 0.4126 -0.2412
vn -0.9867 0.1389 -0.0849
vn -0.1628 0.7899 -0.5913
vn -0.4636 0.7070 -0.5341
vn -0.7179 0.5518 -0.4244
vn -0.8983 0.3449 -0.2722
vn -0.9889 0.1149 -0.0938
vn -0.1733 0.6964 -0.6964
vn -0.4893 0.6145 -0.6188
vn -0.7409 0.4700 -0.4798
vn -0.9086 0.2893 -0.3013
vn -0.9901 0.0961 -0.1026
vn -0.1789 0.5896 -0.7876
vn -0.5028 0.5163 -0.6933
vn -0.7523 0.3911 -0.5303
vn -0.9134 0.2394 -0.3292
vn -0.9906 0.0796 -0.1114
vn -0.1799 0.4715 -0.8633
vn -0.5060 0.4124 -0.7576
vn -0.7548 0.3122 -0.5769
vn -0.9144 0.1914 -0.3568
vn -0.9907 0.0639 -0.1205
vn -0.1766 0.3441 -0.9222
vn -0.4994 0.3026 -0.8118
vn -0.7491 0.2311 -0.6208
vn -0.9117 0.1430 -0.3852
vn -0.9903 0.0482 -0.1301
vn -0.1687 0.2097 -0.9631
vn -0.4822 0.1868 -0.8559
vn -0.7340 0.1455 -0.6634
vn -0.9046 0.0919 -0.4162
vn -0.9895 0.0315 -0.1413
vn -0.1555 0.0707 -0.9853
vn -0.4521 0.0646 -0.8896
vn -0.7057 0.0524 -0.7065
vn -0.8906 0.0347 -0.4534
vn -0.9877 0.0124 -0.1559
vn -0.1493 0.0646 0.9867
vn -0.4442 0.0612 0.8938
vn -0.6998 0.0514 0.7124
vn -0.8882 0.0349 0.4581
vn -0.9874 0.0127 0.1575
vn -0.1475 0.1929 0.9701
vn -0.4640 0.1786 0.8676
vn -0.7241 0.1434 0.6746
vn -0.9016 0.0924 0.4225
vn -0.9892 0.0319 0.1428
vn -0.1290 0.3201 0.9386
vn -0.4641 0.2940 0.8356
vn -0.7324 0.2311 0.6405
vn -0.9074 0.1450 0.3945
vn -0.9901 0.0488 0.1316
vn -0.0978 0.4448 0.8903
vn -0.4488 0.4088 0.7947
vn -0.7293 0.3181 0.6058
vn -0.9083 0.1961 0.3695
vn -0.9904 0.0648 0.1220
vn -0.0592 0.5645 0.8233
vn -0.4212 0.5224 0.7414
vn -0.7167 0.4061 0.5669
vn -0.9054 0.2480 0.3445
vn -0.9903 0.0806 0.1129
vn -0.0197 0.6757 0.7369
vn -0.3843 0.6323 0.6726
vn -0.6949 0.4958 0.5209
vn -0.8986 0.3023 0.3180
vn -0.9899 0.0971 0.1037
vn 0.0137 0.7749 0.6319
vn -0.3405 0.7350 0.5863
vn -0.6620 0.5876 0.4653
vn -0.8863 0.3619 0.2889
vn -0.9888 0.1155 0.0944
vn 0.0347 0.8592 0.5105
vn -0.2919 0.8261 0.4821
vn -0.6140 0.6819 0.3975
vn -0.8647 0.4321 0.2561
vn -0.9867 0.1384 0.0849
vn 0.0377 0.9262 0.3752
vn -0.2392 0.9014 0.3608
vn -0.5422 0.7792 0.3143
vn -0.8241 0.5231 0.2172
vn -0.9823 0.1716 0.0750
vn 0.0193 0.9733 0.2288
vn -0.1816 0.9573 0.2247
vn -0.4312 0.8772 0.2110
vn -0.7373 0.6548 0.1660
vn -0.9708 0.2314 0.0638
vn -0.0219 0.9969 0.0749
vn -0.1176 0.9900 0.0784
vn -0.2649 0.9605 0.0857
vn -0.5496 0.8305 0.0905
vn -0.9439 0.3265 0.0487
vn -0.0374 0.9993 0.0002
vn -0.0655 0.9979 0.0001
vn -0.1046 0.9945 0.0002
vn -0.1797 0.9837 0.0002
vn -0.4707 0.8823 0.0002
vn -0.1849 0.0002 -0.9828
vn -0.4785 0.0011 -0.8781
vn -0.6845 0.0018 -0.7290
vn -0.8296 0.0018 -0.5584
vn -0.9308 0.0008 -0.3656
vn -0.1827 0.0002 0.9832
vn -0.4740 0.0010 0.8805
vn -0.6800 0.0018 0.7332
vn -0.8264 0.0018 0.5630
vn -0.9292 0.0008 0.3695
vn -0.2361 0.9660 -0.1054
vn -0.9180 0.3825 -0.1049
vn -0.3211 0.9110 -0.2589
vn -0.9156 0.3779 -0.1377
vn -0.3815 0.8329 -0.4009
vn -0.9316 0.3187 -0.1746
vn -0.4195 0.7386 -0.5277
vn -0.9406 0.2683 -0.2078
vn -0.4400 0.6308 -0.6391
vn -0.9448 0.2240 -0.2390
vn -0.4457 0.5108 -0.7351
vn -0.9456 0.1820 -0.2698
vn -0.4376 0.3793 -0.8153
vn -0.9430 0.1393 -0.3022
vn -0.4144 0.2365 -0.8789
vn -0.9360 0.0928 -0.3395
vn -0.3728 0.0825 -0.9242
vn -0.9206 0.0374 -0.3887
vn -0.2827 0.0902 0.9549
vn -0.8762 0.0592 0.4782
vn -0.3464 0.2497 0.9042
vn -0.9126 0.1210 0.3904
vn -0.3853 0.3959 0.8336
vn -0.9276 0.1697 0.3329
vn -0.4048 0.5289 0.7459
vn -0.9334 0.2142 0.2878
vn -0.4080 0.6486 0.6425
vn -0.9337 0.2589 0.2474
vn -0.3954 0.7545 0.5239
vn -0.9285 0.3081 0.2073
vn -0.3653 0.8453 0.3898
vn -0.9149 0.3692 0.1632
vn -0.3137 0.9188 0.2397
vn -0.8828 0.4573 0.1076
vn -0.2338 0.9696 0.0725
vn -0.7928 0.6092 0.0193
vn -0.9239 -0.0334 -0.3812
vn 0.9239 0.0334 0.3812
vn -0.3827 -0.0805 -0.9204
vn -0.9239 -0.0991 -0.3696
vn -0.3827 -0.2392 -0.8924
vn -0.9239 -0.1619 -0.3468
vn -0.3827 -0.3907 -0.8372
vn -0.9239 -0.2197 -0.3133
vn -0.3827 -0.5304 -0.7565
vn -0.9239 -0.2709 -0.2703
vn -0.3827 -0.6539 -0.6526
vn -0.9239 -0.3138 -0.2191
vn -0.3827 -0.7575 -0.5289
vn -0.9239 -0.3471 -0.1612
vn -0.3827 -0.8379 -0.3891
vn -0.9239 -0.3698 -0.0984
vn -0.3827 -0.8928 -0.2375
vn -0.9239 -0.3813 -0.0326
vn -0.3827 -0.9205 -0.0787
vn 0.9239 0.0333 -0.3812
vn 0.3827 0.0805 -0.9204
vn -0.3827 -0.0805 0.9204
vn -0.9239 -0.0990 0.3697
vn -0.3827 -0.2390 0.8924
vn -0.9239 -0.1616 0.3469
vn -0.3827 -0.3902 0.8375
vn -0.9239 -0.2193 0.3136
vn -0.3827 -0.5294 0.7571
vn -0.9239 -0.2703 0.2709
vn -0.3827 -0.6526 0.6539
vn -0.9239 -0.3132 0.2199
vn -0.3827 -0.7561 0.5309
vn -0.9239 -0.3466 0.1623
vn -0.3827 -0.8367 0.3918
vn -0.9239 -0.3695 0.0997
vn -0.3827 -0.8920 0.2408
vn -0.9239 -0.3812 0.0341
vn -0.3827 -0.9202 0.0823
vn -0.9049 -0.0000 -0.4256
vn -0.3427 -0.0000 -0.9394
vn -0.9239 -0.3827 0.0008
vn -0.3827 -0.9239 0.0018
vn -0.7041 0.7101 -0.0016
vn -0.1671 0.9859 -0.0005
vn -0.8179 0.0001 0.5754
vn -0.2370 -0.0000 0.9715
vn -0.3180 -0.0846 0.9443
vn -0.7792 -0.0610 0.6238
vn -0.9770 -0.0241 0.2121
vn -0.2867 -0.2510 0.9246
vn -0.7409 -0.1843 0.6458
vn -0.9704 -0.0721 0.2306
vn -0.2593 -0.4119 0.8736
vn -0.7016 -0.3145 0.6394
vn -0.9625 -0.1275 0.2396
vn -0.2357 -0.5613 0.7933
vn -0.6629 -0.4442 0.6027
vn -0.9533 -0.1881 0.2362
vn -0.2160 -0.6941 0.6867
vn -0.6270 -0.5654 0.5359
vn -0.9435 -0.2499 0.2176
vn -0.2010 -0.8056 0.5573
vn -0.5978 -0.6695 0.4409
vn -0.9346 -0.3057 0.1817
vn -0.1920 -0.8918 0.4096
vn -0.5807 -0.7476 0.3224
vn -0.9297 -0.3451 0.1289
vn -0.1911 -0.9495 0.2489
vn -0.5821 -0.7910 0.1882
vn -0.9322 -0.3560 0.0654
vn -0.2011 -0.9762 0.0808
vn -0.6071 -0.7931 0.0493
vn -0.9427 -0.3337 0.0036
vn -0.2293 -0.9694 -0.0881
vn -0.6580 -0.7490 -0.0780
vn -0.9550 -0.2941 -0.0382
vn -0.2268 -0.9400 -0.2550
vn -0.6541 -0.7276 -0.2069
vn -0.9543 -0.2855 -0.0885
vn -0.2249 -0.8820 -0.4142
vn -0.6511 -0.6835 -0.3300
vn -0.9538 -0.2677 -0.1363
vn -0.2240 -0.7971 -0.5608
vn -0.6501 -0.6175 -0.4428
vn -0.9538 -0.2409 -0.1794
vn -0.2246 -0.6878 -0.6902
vn -0.6516 -0.5317 -0.5410
vn -0.9544 -0.2062 -0.2158
vn -0.2272 -0.5576 -0.7984
vn -0.6566 -0.4289 -0.6204
vn -0.9557 -0.1650 -0.2437
vn -0.2323 -0.4105 -0.8818
vn -0.6655 -0.3131 -0.6776
vn -0.9577 -0.1192 -0.2618
vn -0.2403 -0.2510 -0.9377
vn -0.6787 -0.1891 -0.7096
vn -0.9605 -0.0711 -0.2691
vn -0.2518 -0.0843 -0.9641
vn -0.6966 -0.0624 -0.7148
vn -0.9640 -0.0231 -0.2650
vn -0.9543 -0.2989 -0.0001
vn -0.6501 -0.7599 -0.0001
vn -0.2234 -0.9747 -0.0000
vn -0.9801 -0.0000 0.1983
vn -0.7981 -0.0000 0.6026
vn -0.3344 -0.0000 0.9424
vn -0.9663 -0.0000 -0.2573
vn -0.7093 -0.0000 -0.7049
vn -0.2603 -0.0000 -0.9655
vn -1.0000 -0.0000 -0.0001
vn -0.9659 -0.0290 -0.2572
vn -0.7071 -0.0793 -0.7026
vn -0.2588 -0.1083 -0.9598
vn -0.9659 -0.0855 -0.2443
vn -0.7071 -0.2337 -0.6674
vn -0.2588 -0.3192 -0.9117
vn -0.9659 -0.1377 -0.2191
vn -0.7071 -0.3763 -0.5987
vn -0.2588 -0.5140 -0.8178
vn -0.9659 -0.1830 -0.1830
vn -0.7071 -0.5000 -0.4999
vn -0.2588 -0.6831 -0.6829
vn -0.9659 -0.2192 -0.1377
vn -0.7071 -0.5987 -0.3762
vn -0.2588 -0.8179 -0.5139
vn -0.9659 -0.2443 -0.0855
vn -0.7071 -0.6674 -0.2335
vn -0.2588 -0.9117 -0.3190
vn -0.9659 -0.2572 -0.0290
vn -0.7071 -0.7027 -0.0792
vn -0.2588 -0.9598 -0.1082
vn -0.9659 -0.0294 0.2571
vn -0.7071 -0.0802 0.7025
vn -0.2588 -0.1096 0.9597
vn -0.9659 -0.0858 0.2442
vn -0.7071 -0.2344 0.6671
vn -0.2588 -0.3203 0.9113
vn -0.9659 -0.1379 0.2190
vn -0.7071 -0.3769 0.5983
vn -0.2588 -0.5148 0.8173
vn -0.9659 -0.1832 0.1829
vn -0.7071 -0.5004 0.4996
vn -0.2588 -0.6835 0.6825
vn -0.9659 -0.2192 0.1376
vn -0.7071 -0.5989 0.3759
vn -0.2588 -0.8181 0.5136
vn -0.9659 -0.2443 0.0854
vn -0.7071 -0.6675 0.2334
vn -0.2588 -0.9118 0.3189
vn -0.9659 -0.2572 0.0290
vn -0.7071 -0.7027 0.0792
vn -0.2588 -0.9598 0.1081
vn -0.9659 0.0286 0.2572
vn -0.7071 0.0781 0.7028
vn -0.2588 0.1067 0.9600
vn -0.9659 0.0852 0.2444
vn -0.7071 0.2326 0.6677
vn -0.2588 0.3178 0.9122
vn -0.9659 0.1375 0.2193
vn -0.7071 0.3756 0.5991
vn -0.2588 0.5130 0.8184
vn -0.9659 0.1829 0.1832
vn -0.7071 0.4996 0.5004
vn -0.2588 0.6825 0.6835
vn -0.9659 0.2191 0.1378
vn -0.7071 0.5986 0.3765
vn -0.2588 0.8177 0.5143
vn -0.9659 0.2443 0.0855
vn -0.7071 0.6674 0.2337
vn -0.2588 0.9117 0.3192
vn -0.9659 0.2572 0.0290
vn -0.7071 0.7027 0.0792
vn -0.2588 0.9598 0.1082
vn -0.9659 0.0289 -0.2572
vn -0.7071 0.0790 -0.7027
vn -0.2588 0.1080 -0.9599
vn -0.9659 0.0854 -0.2443
vn -0.7071 0.2334 -0.6675
vn -0.2588 0.3189 -0.9118
vn -0.9659 0.1377 -0.2192
vn -0.7071 0.3761 -0.5988
vn -0.2588 0.5138 -0.8179
vn -0.9659 0.1830 -0.1830
vn -0.7071 0.5000 -0.5000
vn -0.2588 0.6829 -0.6831
vn -0.9659 0.2191 -0.1377
vn -0.7071 0.5987 -0.3762
vn -0.2588 0.8178 -0.5139
vn -0.9659 0.2443 -0.0855
vn -0.7071 0.6674 -0.2336
vn -0.2588 0.9117 -0.3190
vn -0.9659 0.2572 -0.0290
vn -0.7071 0.7027 -0.0792
vn -0.2588 0.9599 -0.1082
vn -0.9659 0.2588 -0.0000
vn -0.7071 0.7071 -0.0000
vn -0.2588 0.9659 -0.0000
vn -0.9659 -0.0004 0.2588
vn -0.7071 -0.0011 0.7071
vn -0.2588 -0.0015 0.9659
vn -0.9659 -0.0000 -0.2588
vn -0.7071 -0.0001 -0.7071
vn -0.2588 -0.0002 -0.9659
vn -0.9659 -0.2588 -0.0000
vn -0.7071 -0.7071 -0.0000
vn -0.2588 -0.9659 -0.0000
vt 0.625000 0.750000
vt 0.375000 0.500000
vt 0.586869 0.500000
vt 0.625000 0.538131
vt 0.515354 0.500000
vt 0.517828 0.750000
vt 0.625000 0.726466
vt 0.625000 0.560654
vt 0.510812 0.697591
vt 0.625000 0.697591
vt 0.000000 0.000000
vt 0.510812 0.568137
vt 0.625000 0.568137
vt 0.000000 0.000000
vt 0.499964 0.750000
vt 0.499379 0.500000
vt 0.375000 0.535279
vt 0.375000 0.726101
vt 0.375000 0.535279
vt 0.375000 0.750000
vt 0.625000 0.750000
vt 0.375000 0.500000
vt 0.586869 0.500000
vt 0.625000 0.538131
vt 0.515354 0.500000
vt 0.517828 0.750000
vt 0.625000 0.726466
vt 0.625000 0.560654
vt 0.000000 0.000000
vt 0.625000 0.697591
vt 0.000000 0.000000
vt 0.625000 0.568137
vt 0.499964 0.750000
vt 0.499379 0.500000
vt 0.375000 0.726101
vt 0.375000 0.535279
vt 0.409170 0.750000
vt 0.375000 0.750000
vt 0.375000 0.726101
vt 0.409170 0.726098
vt 0.606811 0.612977
vt 0.603244 0.616529
vt 0.606785 0.613594
vt 0.606725 0.614192
vt 0.606632 0.614753
vt 0.606508 0.615259
vt 0.605511 0.616252
vt 0.605007 0.616371
vt 0.604450 0.616458
vt 0.603856 0.616511
vt 0.555204 0.616529
vt 0.551681 0.612977
vt 0.554593 0.616511
vt 0.554000 0.616458
vt 0.553443 0.616370
vt 0.552940 0.616252
vt 0.551956 0.615260
vt 0.551839 0.614753
vt 0.551752 0.614192
vt 0.551699 0.613594
vt 0.551681 0.588330
vt 0.555233 0.584778
vt 0.551699 0.587713
vt 0.551752 0.587115
vt 0.551839 0.586554
vt 0.551957 0.586046
vt 0.552949 0.585055
vt 0.553456 0.584936
vt 0.554018 0.584849
vt 0.554616 0.584796
vt 0.603598 0.584777
vt 0.607108 0.588329
vt 0.604215 0.584795
vt 0.604813 0.584849
vt 0.605374 0.584936
vt 0.605880 0.585055
vt 0.606859 0.586045
vt 0.606971 0.586553
vt 0.607051 0.587114
vt 0.607097 0.587713
vt 0.550818 0.619975
vt 0.548933 0.582526
vt 0.531374 0.693103
vt 0.531374 0.697591
vt 0.535862 0.697591
vt 0.524507 0.697591
vt 0.531374 0.693882
vt 0.531374 0.694638
vt 0.531374 0.695347
vt 0.531374 0.695988
vt 0.531374 0.696541
vt 0.532977 0.697591
vt 0.531374 0.696990
vt 0.533618 0.697591
vt 0.531374 0.697321
vt 0.534327 0.697591
vt 0.531374 0.697523
vt 0.535083 0.697591
vt 0.535862 0.568137
vt 0.531374 0.568137
vt 0.531374 0.572625
vt 0.524507 0.568137
vt 0.535083 0.568137
vt 0.534327 0.568137
vt 0.533618 0.568137
vt 0.532977 0.568137
vt 0.532424 0.568137
vt 0.531374 0.569740
vt 0.531975 0.568137
vt 0.531374 0.570381
vt 0.531644 0.568137
vt 0.531374 0.571090
vt 0.531442 0.568137
vt 0.531374 0.571846
vt 0.532464 0.693237
vt 0.534846 0.570982
vt 0.517828 0.734930
vt 0.517431 0.550934
vt 0.527556 0.726466
vt 0.515137 0.715391
vt 0.526167 0.726429
vt 0.524797 0.726317
vt 0.523472 0.726133
vt 0.522213 0.725880
vt 0.521040 0.725565
vt 0.517739 0.722636
vt 0.517144 0.721372
vt 0.516571 0.719987
vt 0.516037 0.718509
vt 0.515556 0.716967
vt 0.527556 0.560654
vt 0.511848 0.567072
vt 0.512938 0.566028
vt 0.514062 0.565028
vt 0.515191 0.564090
vt 0.516290 0.563235
vt 0.520781 0.561263
vt 0.522064 0.561050
vt 0.523398 0.560879
vt 0.524769 0.560755
vt 0.526161 0.560679
vt 0.625000 0.727525
vt 0.625000 0.726466
vt 0.625000 0.727198
vt 0.625000 0.726903
vt 1.812500 2.363233
vt -1.687500 0.363233
vt 0.625000 0.560654
vt 0.625000 0.559446
vt 0.307922 0.454155
vt 0.312497 0.280328
vt 0.625000 0.560156
vt 0.625000 0.559819
vt 0.625000 0.727528
vt 0.625000 0.727316
vt 0.625000 0.727103
vt 0.000000 0.000000
vt 0.000000 0.000000
vt 0.625000 0.559442
vt -0.000031 -0.000031
vt -0.000015 0.000000
vt 0.625000 0.559927
vt 0.625000 0.559685
vt 0.517831 0.718383
vt 0.517702 0.718512
vt 0.516643 0.716027
vt 0.517786 0.717855
vt 0.517804 0.717321
vt 0.517385 0.716748
vt 0.517022 0.716292
vt 0.527556 0.726466
vt 0.517828 0.727517
vt 0.526348 0.727517
vt 0.527497 0.726466
vt 0.517826 0.726450
vt 0.527325 0.726466
vt 0.517828 0.726900
vt 0.527058 0.726900
vt 0.517828 0.727193
vt 0.526721 0.727193
vt 0.516824 0.717511
vt 0.517826 0.720823
vt 0.517151 0.717800
vt 0.517466 0.718366
vt 0.517826 0.719131
vt 0.517826 0.719933
vt 0.517032 0.718964
vt 0.517821 0.721756
vt 0.517291 0.719199
vt 0.517544 0.719654
vt 0.517820 0.720328
vt 0.517820 0.721005
vt 0.517263 0.720357
vt 0.517815 0.722726
vt 0.517447 0.720541
vt 0.517629 0.720892
vt 0.517813 0.721506
vt 0.517814 0.722085
vt 0.517513 0.721662
vt 0.517809 0.723683
vt 0.517615 0.721800
vt 0.517720 0.722055
vt 0.517807 0.722630
vt 0.517808 0.723129
vt 0.517773 0.722853
vt 0.517804 0.724589
vt 0.517791 0.722955
vt 0.517900 0.723020
vt 0.518268 0.723500
vt 0.517800 0.723163
vt 0.517802 0.723669
vt 0.517803 0.724105
vt 0.521121 0.726067
vt 0.517802 0.725411
vt 0.521164 0.726193
vt 0.521275 0.726466
vt 0.517798 0.724095
vt 0.517800 0.724597
vt 0.517801 0.724983
vt 0.522260 0.726207
vt 0.517802 0.726125
vt 0.522279 0.726288
vt 0.522328 0.726466
vt 0.517798 0.724894
vt 0.517799 0.725391
vt 0.517801 0.725739
vt 0.523496 0.726318
vt 0.517803 0.726707
vt 0.523492 0.726364
vt 0.523515 0.726466
vt 0.517799 0.725556
vt 0.517801 0.726030
vt 0.517802 0.726351
vt 0.524807 0.726400
vt 0.517807 0.727140
vt 0.524782 0.726420
vt 0.524815 0.726466
vt 0.517804 0.726053
vt 0.517805 0.726502
vt 0.517806 0.726804
vt 0.526169 0.726450
vt 0.517819 0.727415
vt 0.526124 0.726454
vt 0.526032 0.726466
vt 0.526171 0.726466
vt 0.517817 0.726361
vt 0.517818 0.726795
vt 0.517818 0.727089
vt 0.526308 0.559456
vt 0.527556 0.560654
vt 0.526693 0.559826
vt 0.527041 0.560160
vt 0.527325 0.560654
vt 0.527496 0.560654
vt 0.514747 0.569514
vt 0.517748 0.558697
vt 0.517748 0.566635
vt 0.515699 0.569655
vt 0.517822 0.569419
vt 0.517910 0.560654
vt 0.516559 0.569398
vt 0.517804 0.559822
vt 0.517804 0.568770
vt 0.517775 0.559295
vt 0.517775 0.567809
vt 0.526167 0.560665
vt 0.525105 0.559468
vt 0.526124 0.560662
vt 0.525998 0.560660
vt 0.525732 0.560163
vt 0.525435 0.559834
vt 0.524795 0.560699
vt 0.523920 0.559476
vt 0.524774 0.560686
vt 0.524703 0.560675
vt 0.524446 0.560162
vt 0.524197 0.559838
vt 0.523463 0.560754
vt 0.522776 0.559474
vt 0.523469 0.560724
vt 0.523456 0.560698
vt 0.523211 0.560155
vt 0.523005 0.559836
vt 0.522193 0.560830
vt 0.521700 0.559462
vt 0.522231 0.560776
vt 0.522278 0.560729
vt 0.522052 0.560143
vt 0.521884 0.559825
vt 0.521006 0.560924
vt 0.520715 0.559436
vt 0.521150 0.560777
vt 0.521176 0.560769
vt 0.521185 0.560654
vt 0.520994 0.560125
vt 0.520861 0.559805
vt 0.517103 0.563709
vt 0.519845 0.559396
vt 0.517313 0.563782
vt 0.518449 0.563380
vt 0.520405 0.560654
vt 0.517744 0.564082
vt 0.520204 0.560654
vt 0.520059 0.560100
vt 0.519957 0.559775
vt 0.516633 0.564723
vt 0.519109 0.559338
vt 0.516999 0.564811
vt 0.517755 0.564875
vt 0.519623 0.560654
vt 0.517759 0.565217
vt 0.519372 0.560654
vt 0.519268 0.560068
vt 0.519192 0.559734
vt 0.516155 0.565835
vt 0.518524 0.559261
vt 0.516686 0.565938
vt 0.517772 0.565955
vt 0.518978 0.560654
vt 0.517781 0.566462
vt 0.518707 0.560654
vt 0.518637 0.560030
vt 0.518582 0.559679
vt 0.515677 0.567021
vt 0.518100 0.559159
vt 0.516381 0.567140
vt 0.517792 0.567094
vt 0.518477 0.560654
vt 0.517803 0.567792
vt 0.518222 0.560654
vt 0.518178 0.559987
vt 0.518140 0.559608
vt 0.515206 0.568255
vt 0.517844 0.559017
vt 0.516079 0.568391
vt 0.517810 0.568271
vt 0.518120 0.560654
vt 0.517821 0.569178
vt 0.517927 0.560654
vt 0.517900 0.559957
vt 0.517871 0.559517
vt 0.604286 0.617284
vt 0.603244 0.616529
vt 0.603384 0.616525
vt 0.607597 0.613003
vt 0.606811 0.612977
vt 0.606811 0.612977
vt 0.604002 0.617276
vt 0.603856 0.616511
vt 0.603856 0.616511
vt 0.604728 0.617181
vt 0.604448 0.616458
vt 0.604448 0.616458
vt 0.605429 0.616990
vt 0.605004 0.616371
vt 0.605002 0.616371
vt 0.606150 0.616585
vt 0.605506 0.616252
vt 0.605504 0.616252
vt 0.606860 0.615877
vt 0.606503 0.615259
vt 0.606501 0.615259
vt 0.607271 0.615155
vt 0.606628 0.614753
vt 0.606627 0.614753
vt 0.607471 0.614449
vt 0.606724 0.614192
vt 0.606723 0.614192
vt 0.607575 0.613718
vt 0.606785 0.613594
vt 0.606785 0.613594
vt 0.551423 0.615068
vt 0.551681 0.612977
vt 0.551681 0.613278
vt 0.555204 0.616529
vt 0.551517 0.617185
vt 0.554369 0.617185
vt 0.554979 0.616529
vt 0.551681 0.616509
vt 0.555204 0.616529
vt 0.551686 0.613594
vt 0.551470 0.615156
vt 0.551681 0.613799
vt 0.551702 0.614192
vt 0.551490 0.615472
vt 0.551681 0.614332
vt 0.551728 0.614753
vt 0.551502 0.615833
vt 0.551681 0.614840
vt 0.551764 0.615260
vt 0.551511 0.616191
vt 0.551744 0.615345
vt 0.552940 0.616446
vt 0.551516 0.616517
vt 0.552318 0.616119
vt 0.553443 0.616481
vt 0.551518 0.616792
vt 0.552562 0.616291
vt 0.553999 0.616508
vt 0.551519 0.617001
vt 0.552823 0.616414
vt 0.554593 0.616524
vt 0.551518 0.617135
vt 0.553064 0.616482
vt 0.554593 0.616529
vt 0.551681 0.616475
vt 0.554019 0.584344
vt 0.555233 0.584778
vt 0.555062 0.584777
vt 0.551681 0.588330
vt 0.551329 0.584489
vt 0.551329 0.587585
vt 0.551681 0.588122
vt 0.551699 0.584778
vt 0.551681 0.588330
vt 0.554616 0.584783
vt 0.553579 0.584367
vt 0.554490 0.584778
vt 0.554018 0.584799
vt 0.553133 0.584386
vt 0.553936 0.584778
vt 0.553457 0.584825
vt 0.552699 0.584401
vt 0.553414 0.584778
vt 0.552950 0.584861
vt 0.552298 0.584412
vt 0.552928 0.584794
vt 0.551764 0.586046
vt 0.551945 0.584421
vt 0.552096 0.585412
vt 0.551728 0.586554
vt 0.551656 0.584428
vt 0.551928 0.585652
vt 0.551702 0.587115
vt 0.551446 0.584437
vt 0.551802 0.585917
vt 0.551686 0.587713
vt 0.551329 0.584452
vt 0.551731 0.586157
vt 0.551681 0.587713
vt 0.551735 0.584778
vt 0.607871 0.588301
vt 0.607108 0.588330
vt 0.607108 0.588330
vt 0.607199 0.584155
vt 0.603599 0.584777
vt 0.603907 0.584786
vt 0.607863 0.587585
vt 0.607097 0.587713
vt 0.607097 0.587713
vt 0.607773 0.586854
vt 0.607051 0.587114
vt 0.607051 0.587114
vt 0.607587 0.586150
vt 0.606971 0.586553
vt 0.606971 0.586553
vt 0.607190 0.585431
vt 0.606859 0.586045
vt 0.606859 0.586045
vt 0.606495 0.584728
vt 0.605880 0.585055
vt 0.605880 0.585055
vt 0.605781 0.584324
vt 0.605374 0.584936
vt 0.605374 0.584936
vt 0.605078 0.584130
vt 0.604813 0.584849
vt 0.604813 0.584849
vt 0.604348 0.584032
vt 0.604215 0.584795
vt 0.604215 0.584795
vt 0.000000 0.000000
vt 0.625000 0.697591
vt 0.000000 0.000000
vt 0.625000 0.696758
vt 0.000000 0.000000
vt 0.625000 0.697591
vt 0.000000 0.000000
vt 0.625000 0.697175
vt 0.000000 0.000000
vt 0.625000 0.568773
vt 0.000000 0.000000
vt 0.625000 0.568137
vt 0.000000 0.000000
vt 0.625000 0.568455
vt 0.000000 0.000000
vt 0.625000 0.568137
vt 0.535206 0.696750
vt 0.535862 0.697591
vt 0.535534 0.697171
vt 0.535770 0.697591
vt 0.531374 0.693103
vt 0.531893 0.695519
vt 0.531893 0.693167
vt 0.531374 0.693111
vt 0.531374 0.693157
vt 0.531378 0.697591
vt 0.531633 0.693135
vt 0.535083 0.697591
vt 0.534561 0.696724
vt 0.534996 0.697591
vt 0.534822 0.697158
vt 0.534327 0.697591
vt 0.533936 0.696677
vt 0.534245 0.697591
vt 0.534131 0.697134
vt 0.533618 0.697591
vt 0.533356 0.696604
vt 0.533543 0.697591
vt 0.533487 0.697098
vt 0.532977 0.697591
vt 0.532849 0.696501
vt 0.532853 0.697499
vt 0.532913 0.697046
vt 0.531374 0.695988
vt 0.532435 0.696363
vt 0.531299 0.695879
vt 0.532429 0.696977
vt 0.531374 0.695347
vt 0.532133 0.696185
vt 0.531374 0.695288
vt 0.532054 0.696888
vt 0.531374 0.694638
vt 0.531950 0.695970
vt 0.531374 0.694583
vt 0.531797 0.696781
vt 0.531374 0.694433
vt 0.531589 0.697591
vt 0.531374 0.693882
vt 0.531878 0.695736
vt 0.531374 0.693851
vt 0.531374 0.693882
vt 0.531374 0.693765
vt 0.531432 0.697591
vt 0.531936 0.572359
vt 0.531374 0.572625
vt 0.531655 0.572492
vt 0.531374 0.572587
vt 0.535862 0.568137
vt 0.532150 0.568773
vt 0.535635 0.568773
vt 0.531374 0.568140
vt 0.535832 0.568137
vt 0.531762 0.568455
vt 0.535749 0.568455
vt 0.531374 0.571846
vt 0.531977 0.571696
vt 0.531374 0.571813
vt 0.531675 0.571771
vt 0.531374 0.571090
vt 0.532018 0.571070
vt 0.531374 0.571063
vt 0.531696 0.571080
vt 0.531374 0.570381
vt 0.532056 0.570499
vt 0.531374 0.570361
vt 0.531715 0.570440
vt 0.531374 0.569740
vt 0.532089 0.569996
vt 0.531397 0.569712
vt 0.531732 0.569868
vt 0.532977 0.568137
vt 0.532116 0.569571
vt 0.532984 0.568135
vt 0.531745 0.569379
vt 0.533618 0.568137
vt 0.532135 0.569230
vt 0.533617 0.568137
vt 0.531754 0.568984
vt 0.534327 0.568137
vt 0.532146 0.568980
vt 0.534322 0.568137
vt 0.531760 0.568694
vt 0.534327 0.568137
vt 0.531374 0.568407
vt 0.535083 0.568137
vt 0.532150 0.568825
vt 0.535083 0.568137
vt 0.531374 0.568205
vt 0.534981 0.568137
vt 0.531374 0.568232
vt 0.531762 0.568515
vt 0.485629 0.715978
vt 0.491995 0.716039
vt 0.492005 0.709509
vt 0.495779 0.720839
vt 0.487047 0.715992
vt 0.488394 0.716005
vt 0.489602 0.716016
vt 0.490610 0.716026
vt 0.492005 0.713578
vt 0.491368 0.716033
vt 0.492005 0.712341
vt 0.491837 0.716038
vt 0.492005 0.710962
vt 0.492005 0.551925
vt 0.492005 0.545396
vt 0.485629 0.545396
vt 0.495833 0.540200
vt 0.492005 0.550472
vt 0.492005 0.549092
vt 0.492005 0.547854
vt 0.492005 0.546820
vt 0.489604 0.545395
vt 0.492005 0.546042
vt 0.488395 0.545395
vt 0.492005 0.545559
vt 0.487048 0.545396
vt 0.385654 0.545415
vt 0.379277 0.545417
vt 0.379278 0.551912
vt 0.376760 0.539449
vt 0.384235 0.545416
vt 0.382887 0.545416
vt 0.381678 0.545416
vt 0.380668 0.545416
vt 0.379278 0.547862
vt 0.379909 0.545417
vt 0.379278 0.549094
vt 0.379437 0.545417
vt 0.379278 0.550467
vt 0.379278 0.708458
vt 0.379278 0.714963
vt 0.385654 0.715015
vt 0.376956 0.721003
vt 0.379278 0.709904
vt 0.379278 0.711277
vt 0.379278 0.712510
vt 0.379278 0.713540
vt 0.381676 0.714977
vt 0.379278 0.714316
vt 0.382887 0.714988
vt 0.379278 0.714798
vt 0.384235 0.715001
vt 0.491205 0.709469
vt 0.492005 0.709509
vt 0.491605 0.709488
vt 0.492005 0.709509
vt 0.485596 0.715160
vt 0.485629 0.715978
vt 0.485612 0.715569
vt 0.485629 0.715978
vt 0.491174 0.710783
vt 0.491966 0.710962
vt 0.491567 0.710871
vt 0.491959 0.710961
vt 0.490995 0.711997
vt 0.491853 0.712340
vt 0.491407 0.712164
vt 0.491824 0.712340
vt 0.490483 0.713205
vt 0.491672 0.713576
vt 0.490979 0.713418
vt 0.491598 0.713580
vt 0.489250 0.714456
vt 0.489603 0.715675
vt 0.489454 0.714966
vt 0.489606 0.715600
vt 0.488066 0.714969
vt 0.488394 0.715850
vt 0.488226 0.715392
vt 0.488394 0.715819
vt 0.486879 0.715141
vt 0.487047 0.715952
vt 0.486961 0.715543
vt 0.487047 0.715944
vt 0.485595 0.546214
vt 0.485629 0.545396
vt 0.485611 0.545805
vt 0.485629 0.545396
vt 0.491205 0.551958
vt 0.492005 0.551925
vt 0.491605 0.551942
vt 0.492005 0.551925
vt 0.486878 0.546245
vt 0.487048 0.545435
vt 0.486961 0.545843
vt 0.487047 0.545443
vt 0.488066 0.546428
vt 0.488395 0.545550
vt 0.488226 0.546006
vt 0.488395 0.545581
vt 0.489250 0.546952
vt 0.489604 0.545736
vt 0.489455 0.546444
vt 0.489608 0.545811
vt 0.490483 0.548214
vt 0.491672 0.547853
vt 0.490979 0.548005
vt 0.491598 0.547849
vt 0.490995 0.549427
vt 0.491854 0.549092
vt 0.491407 0.549264
vt 0.491824 0.549092
vt 0.491175 0.550644
vt 0.491967 0.550472
vt 0.491567 0.550560
vt 0.491959 0.550472
vt 0.380078 0.551948
vt 0.379278 0.551912
vt 0.379678 0.551931
vt 0.379278 0.551912
vt 0.385688 0.546232
vt 0.385654 0.545415
vt 0.385671 0.545824
vt 0.385654 0.545416
vt 0.380108 0.550641
vt 0.379316 0.550467
vt 0.379716 0.550556
vt 0.379324 0.550467
vt 0.380288 0.549431
vt 0.379429 0.549094
vt 0.379876 0.549268
vt 0.379459 0.549095
vt 0.380799 0.548224
vt 0.379611 0.547863
vt 0.380303 0.548015
vt 0.379685 0.547859
vt 0.382032 0.546968
vt 0.381678 0.545756
vt 0.381827 0.546462
vt 0.381675 0.545831
vt 0.383217 0.546446
vt 0.382887 0.545570
vt 0.383057 0.546026
vt 0.382888 0.545601
vt 0.384405 0.546263
vt 0.384235 0.545455
vt 0.384322 0.545863
vt 0.384235 0.545463
vt 0.385689 0.714199
vt 0.385654 0.715015
vt 0.385672 0.714607
vt 0.385654 0.715015
vt 0.380078 0.708429
vt 0.379278 0.708458
vt 0.379678 0.708443
vt 0.379278 0.708458
vt 0.384406 0.714156
vt 0.384235 0.714962
vt 0.384322 0.714555
vt 0.384235 0.714954
vt 0.383217 0.713961
vt 0.382887 0.714834
vt 0.383057 0.714380
vt 0.382887 0.714803
vt 0.382032 0.713428
vt 0.381677 0.714637
vt 0.381827 0.713932
vt 0.381673 0.714562
vt 0.380799 0.712161
vt 0.379611 0.712512
vt 0.380303 0.712365
vt 0.379685 0.712517
vt 0.380288 0.710949
vt 0.379429 0.711278
vt 0.379876 0.711109
vt 0.379459 0.711278
vt 0.380108 0.709736
vt 0.379316 0.709904
vt 0.379716 0.709818
vt 0.379324 0.709904
vt 0.482306 0.726092
vt 0.499868 0.726090
vt 0.499866 0.708158
vt 0.499944 0.741437
vt 0.485362 0.726092
vt 0.488324 0.726092
vt 0.491102 0.726091
vt 0.493611 0.726091
vt 0.495775 0.726091
vt 0.499893 0.719675
vt 0.497530 0.726091
vt 0.499887 0.717119
vt 0.498820 0.726091
vt 0.499881 0.714289
vt 0.499607 0.726090
vt 0.499873 0.711271
vt 0.499503 0.553209
vt 0.499461 0.535234
vt 0.481859 0.535277
vt 0.499420 0.517674
vt 0.499496 0.550094
vt 0.499489 0.547073
vt 0.499482 0.544237
vt 0.499476 0.541672
vt 0.499471 0.539456
vt 0.493183 0.535276
vt 0.499467 0.537657
vt 0.490665 0.535276
vt 0.499464 0.536330
vt 0.487882 0.535276
vt 0.499462 0.535514
vt 0.484916 0.535276
vt 0.481859 0.535277
vt 0.499503 0.535276
vt 0.499503 0.553209
vt 0.495837 0.540195
vt 0.484916 0.535276
vt 0.487882 0.535276
vt 0.490665 0.535276
vt 0.493183 0.535276
vt 0.495358 0.535276
vt 0.499476 0.541672
vt 0.497124 0.535276
vt 0.499482 0.544237
vt 0.498427 0.535276
vt 0.499489 0.547073
vt 0.499228 0.535276
vt 0.499496 0.550094
vt 0.499866 0.708158
vt 0.499908 0.726049
vt 0.482306 0.726092
vt 0.495783 0.720844
vt 0.499873 0.711271
vt 0.499881 0.714289
vt 0.499887 0.717119
vt 0.499893 0.719675
vt 0.499898 0.721880
vt 0.493611 0.726091
vt 0.499902 0.723667
vt 0.491102 0.726091
vt 0.499906 0.724982
vt 0.488324 0.726091
vt 0.499907 0.725784
vt 0.485362 0.726092
vt 0.381810 0.739010
vt 0.381810 0.744063
vt 0.387606 0.744063
vt 0.377711 0.747637
vt 0.381810 0.740134
vt 0.381810 0.741202
vt 0.381809 0.742161
vt 0.381810 0.742961
vt 0.383992 0.744063
vt 0.381810 0.743563
vt 0.385091 0.744063
vt 0.381810 0.743937
vt 0.386316 0.744063
vt 0.387606 0.732037
vt 0.381809 0.732037
vt 0.381810 0.737091
vt 0.377710 0.728464
vt 0.386316 0.732037
vt 0.385091 0.732037
vt 0.383992 0.732037
vt 0.383074 0.732037
vt 0.381810 0.733940
vt 0.382383 0.732037
vt 0.381810 0.734898
vt 0.381954 0.732037
vt 0.381810 0.735966
vt 0.402360 0.737089
vt 0.402360 0.732036
vt 0.396564 0.732036
vt 0.406459 0.728462
vt 0.402360 0.735965
vt 0.402360 0.734897
vt 0.402360 0.733938
vt 0.402360 0.733138
vt 0.400178 0.732036
vt 0.402360 0.732536
vt 0.399079 0.732036
vt 0.402360 0.732163
vt 0.397854 0.732036
vt 0.396564 0.744063
vt 0.402360 0.744063
vt 0.402360 0.739010
vt 0.406459 0.747637
vt 0.397854 0.744063
vt 0.399079 0.744063
vt 0.400178 0.744063
vt 0.401096 0.744063
vt 0.402360 0.742160
vt 0.401786 0.744063
vt 0.402360 0.741202
vt 0.402215 0.744063
vt 0.402360 0.740134
vt 0.402360 0.739010
vt 0.396564 0.744063
vt 0.402360 0.740134
vt 0.402360 0.741202
vt 0.402360 0.742160
vt 0.400178 0.744063
vt 0.399079 0.744063
vt 0.397854 0.744063
vt 0.387606 0.744063
vt 0.381810 0.739010
vt 0.386316 0.744063
vt 0.385091 0.744063
vt 0.383992 0.744063
vt 0.381810 0.742161
vt 0.381810 0.741202
vt 0.381810 0.740134
vt 0.381810 0.737091
vt 0.387606 0.732037
vt 0.381810 0.735966
vt 0.381810 0.734898
vt 0.381810 0.733940
vt 0.383992 0.732037
vt 0.385091 0.732037
vt 0.386316 0.732037
vt 0.396564 0.732036
vt 0.402360 0.737089
vt 0.397854 0.732036
vt 0.399079 0.732036
vt 0.400178 0.732036
vt 0.402360 0.733938
vt 0.402360 0.734897
vt 0.402360 0.735965
vt 0.468187 0.704151
vt 0.469388 0.704200
vt 0.469428 0.702932
vt 0.470465 0.704905
vt 0.468568 0.704167
vt 0.468909 0.704181
vt 0.469175 0.704192
vt 0.469428 0.703671
vt 0.469340 0.704198
vt 0.469428 0.703322
vt 0.464810 0.702744
vt 0.464810 0.704054
vt 0.466051 0.704064
vt 0.463568 0.704014
vt 0.464810 0.703138
vt 0.464810 0.703498
vt 0.464810 0.703788
vt 0.465314 0.704034
vt 0.464810 0.703979
vt 0.465666 0.704048
vt 0.469428 0.558309
vt 0.469428 0.557045
vt 0.468186 0.557045
vt 0.470638 0.556757
vt 0.469428 0.557917
vt 0.469428 0.557564
vt 0.469428 0.557284
vt 0.468915 0.557042
vt 0.469428 0.557105
vt 0.468569 0.557043
vt 0.466052 0.557053
vt 0.464805 0.557059
vt 0.464810 0.558328
vt 0.463569 0.557057
vt 0.465668 0.557055
vt 0.465321 0.557056
vt 0.465045 0.557058
vt 0.464810 0.557581
vt 0.464867 0.557058
vt 0.464810 0.557936
vt 0.441851 0.702569
vt 0.441851 0.703878
vt 0.443091 0.703887
vt 0.440610 0.703838
vt 0.441851 0.702963
vt 0.441851 0.703322
vt 0.441851 0.703612
vt 0.442355 0.703858
vt 0.441851 0.703803
vt 0.442706 0.703872
vt 0.445225 0.703974
vt 0.446425 0.704023
vt 0.446465 0.702756
vt 0.447707 0.704024
vt 0.445606 0.703990
vt 0.445946 0.704003
vt 0.446212 0.704014
vt 0.446465 0.703494
vt 0.446377 0.704021
vt 0.446465 0.703146
vt 0.446468 0.558298
vt 0.446468 0.557035
vt 0.445227 0.557034
vt 0.447709 0.557031
vt 0.446468 0.557906
vt 0.446468 0.557553
vt 0.446468 0.557274
vt 0.445955 0.557031
vt 0.446468 0.557095
vt 0.445610 0.557033
vt 0.443094 0.557043
vt 0.441848 0.557048
vt 0.441853 0.558316
vt 0.440612 0.557046
vt 0.442710 0.557044
vt 0.442364 0.557046
vt 0.442088 0.557047
vt 0.441853 0.557569
vt 0.441910 0.557047
vt 0.441853 0.557924
vt 0.418899 0.702394
vt 0.420140 0.703711
vt 0.418920 0.702788
vt 0.418978 0.703147
vt 0.419406 0.703601
vt 0.419755 0.703675
vt 0.422274 0.703798
vt 0.423474 0.703846
vt 0.423514 0.702581
vt 0.424755 0.703847
vt 0.422655 0.703813
vt 0.422995 0.703827
vt 0.423261 0.703838
vt 0.423514 0.703318
vt 0.423426 0.703844
vt 0.423514 0.702970
vt 0.423515 0.558288
vt 0.423515 0.557026
vt 0.422274 0.557026
vt 0.424756 0.557023
vt 0.423515 0.557897
vt 0.423515 0.557544
vt 0.423515 0.557265
vt 0.423003 0.557023
vt 0.423515 0.557087
vt 0.422658 0.557024
vt 0.420142 0.557034
vt 0.418901 0.558306
vt 0.419758 0.557056
vt 0.419412 0.557118
vt 0.418980 0.557560
vt 0.418921 0.557914
vt 0.469428 0.702932
vt 0.468187 0.704151
vt 0.469408 0.703322
vt 0.469349 0.703670
vt 0.468911 0.704100
vt 0.468569 0.704146
vt 0.466051 0.704064
vt 0.464810 0.702744
vt 0.465666 0.704028
vt 0.465317 0.703953
vt 0.464889 0.703498
vt 0.464830 0.703138
vt 0.443091 0.703887
vt 0.441851 0.702569
vt 0.442707 0.703851
vt 0.442357 0.703777
vt 0.441930 0.703323
vt 0.441871 0.702963
vt 0.446465 0.702756
vt 0.445225 0.703974
vt 0.446445 0.703146
vt 0.446386 0.703493
vt 0.445949 0.703923
vt 0.445607 0.703969
vt 0.441853 0.558316
vt 0.443094 0.557043
vt 0.441873 0.557924
vt 0.441932 0.557570
vt 0.442364 0.557126
vt 0.442710 0.557065
vt 0.420140 0.703711
vt 0.418899 0.702394
vt 0.419755 0.703675
vt 0.419406 0.703601
vt 0.418978 0.703147
vt 0.418920 0.702788
vt 0.423514 0.702581
vt 0.422274 0.703798
vt 0.423494 0.702970
vt 0.423435 0.703317
vt 0.422998 0.703746
vt 0.422656 0.703792
vt 0.418901 0.558306
vt 0.420142 0.557034
vt 0.418921 0.557914
vt 0.418980 0.557560
vt 0.419412 0.557118
vt 0.419758 0.557056
vt 0.468186 0.557045
vt 0.469428 0.558309
vt 0.468569 0.557064
vt 0.468915 0.557122
vt 0.469349 0.557564
vt 0.469408 0.557917
vt 0.464810 0.558328
vt 0.466052 0.557053
vt 0.464830 0.557936
vt 0.464889 0.557581
vt 0.465321 0.557137
vt 0.465668 0.557076
vt 0.445227 0.557034
vt 0.446468 0.558298
vt 0.445610 0.557054
vt 0.445955 0.557112
vt 0.446389 0.557553
vt 0.446447 0.557906
vt 0.422274 0.557026
vt 0.423515 0.558288
vt 0.422658 0.557045
vt 0.423003 0.557104
vt 0.423436 0.557544
vt 0.423495 0.557897
vt 0.625000 0.750000
vt 0.375000 0.500000
vt 0.586869 0.500000
vt 0.625000 0.538131
vt 0.515354 0.500000
vt 0.517828 0.750000
vt 0.625000 0.726466
vt 0.625000 0.560654
vt 0.510812 0.697591
vt 0.625000 0.697591
vt 0.000000 0.000000
vt 0.510812 0.568137
vt 0.625000 0.568137
vt 0.000000 0.000000
vt 0.499964 0.750000
vt 0.499379 0.500000
vt 0.375000 0.535279
vt 0.375000 0.726101
vt 0.375000 0.535279
vt 0.409170 0.750000
vt 0.375000 0.750000
vt 0.375000 0.726101
vt 0.409170 0.726098
vt 0.606811 0.612977
vt 0.603244 0.616529
vt 0.606785 0.613594
vt 0.606725 0.614192
vt 0.606632 0.614753
vt 0.606508 0.615259
vt 0.605511 0.616252
vt 0.605007 0.616371
vt 0.604450 0.616458
vt 0.603856 0.616511
vt 0.555204 0.616529
vt 0.551681 0.612977
vt 0.554593 0.616511
vt 0.554000 0.616458
vt 0.553443 0.616370
vt 0.552940 0.616252
vt 0.551956 0.615260
vt 0.551839 0.614753
vt 0.551752 0.614192
vt 0.551699 0.613594
vt 0.551681 0.588330
vt 0.555233 0.584778
vt 0.551699 0.587713
vt 0.551752 0.587115
vt 0.551839 0.586554
vt 0.551957 0.586046
vt 0.552949 0.585055
vt 0.553456 0.584936
vt 0.554018 0.584849
vt 0.554616 0.584796
vt 0.603598 0.584777
vt 0.607108 0.588329
vt 0.604215 0.584795
vt 0.604813 0.584849
vt 0.605374 0.584936
vt 0.605880 0.585055
vt 0.606859 0.586045
vt 0.606971 0.586553
vt 0.607051 0.587114
vt 0.607097 0.587713
vt 0.550818 0.619975
vt 0.548933 0.582526
vt 0.531374 0.693103
vt 0.531374 0.697591
vt 0.535862 0.697591
vt 0.524507 0.697591
vt 0.531374 0.693882
vt 0.531374 0.694638
vt 0.531374 0.695347
vt 0.531374 0.695988
vt 0.531374 0.696541
vt 0.532977 0.697591
vt 0.531374 0.696990
vt 0.533618 0.697591
vt 0.531374 0.697321
vt 0.534327 0.697591
vt 0.531374 0.697523
vt 0.535083 0.697591
vt 0.535862 0.568137
vt 0.531374 0.568137
vt 0.531374 0.572625
vt 0.524507 0.568137
vt 0.535083 0.568137
vt 0.534327 0.568137
vt 0.533618 0.568137
vt 0.532977 0.568137
vt 0.532424 0.568137
vt 0.531374 0.569740
vt 0.531975 0.568137
vt 0.531374 0.570381
vt 0.531644 0.568137
vt 0.531374 0.571090
vt 0.531442 0.568137
vt 0.531374 0.571846
vt 0.532464 0.693237
vt 0.534846 0.570982
vt 0.517828 0.734930
vt 0.517431 0.550934
vt 0.527556 0.726466
vt 0.515137 0.715391
vt 0.526167 0.726429
vt 0.524797 0.726317
vt 0.523472 0.726133
vt 0.522213 0.725880
vt 0.521040 0.725565
vt 0.517739 0.722636
vt 0.517144 0.721372
vt 0.516571 0.719987
vt 0.516037 0.718509
vt 0.515556 0.716967
vt 0.527556 0.560654
vt 0.511848 0.567072
vt 0.512938 0.566028
vt 0.514062 0.565028
vt 0.515191 0.564090
vt 0.516290 0.563235
vt 0.520781 0.561263
vt 0.522064 0.561050
vt 0.523398 0.560879
vt 0.524769 0.560755
vt 0.526161 0.560679
vt 0.625000 0.727525
vt 0.625000 0.726466
vt 0.625000 0.727198
vt 0.625000 0.726903
vt 1.812500 2.363233
vt -1.687500 0.363233
vt 0.625000 0.560654
vt 0.625000 0.559446
vt 0.307922 0.454155
vt 0.312497 0.280328
vt 0.625000 0.560156
vt 0.625000 0.559819
vt 0.517831 0.718383
vt 0.517702 0.718512
vt 0.516643 0.716027
vt 0.517786 0.717855
vt 0.517804 0.717321
vt 0.517385 0.716748
vt 0.517022 0.716292
vt 0.527556 0.726466
vt 0.517828 0.727517
vt 0.526348 0.727517
vt 0.527497 0.726466
vt 0.517826 0.726450
vt 0.527325 0.726466
vt 0.517828 0.726900
vt 0.527058 0.726900
vt 0.517828 0.727193
vt 0.526721 0.727193
vt 0.516824 0.717511
vt 0.517826 0.720823
vt 0.517151 0.717800
vt 0.517466 0.718366
vt 0.517826 0.719131
vt 0.517826 0.719933
vt 0.517032 0.718964
vt 0.517821 0.721756
vt 0.517291 0.719199
vt 0.517544 0.719654
vt 0.517820 0.720328
vt 0.517820 0.721005
vt 0.517263 0.720357
vt 0.517815 0.722726
vt 0.517447 0.720541
vt 0.517629 0.720892
vt 0.517813 0.721506
vt 0.517814 0.722085
vt 0.517513 0.721662
vt 0.517809 0.723683
vt 0.517615 0.721800
vt 0.517720 0.722055
vt 0.517807 0.722630
vt 0.517808 0.723129
vt 0.517773 0.722853
vt 0.517804 0.724589
vt 0.517791 0.722955
vt 0.517900 0.723020
vt 0.518268 0.723500
vt 0.517800 0.723163
vt 0.517802 0.723669
vt 0.517803 0.724105
vt 0.521121 0.726067
vt 0.517802 0.725411
vt 0.521164 0.726193
vt 0.521275 0.726466
vt 0.517798 0.724095
vt 0.517800 0.724597
vt 0.517801 0.724983
vt 0.522260 0.726207
vt 0.517802 0.726125
vt 0.522279 0.726288
vt 0.522328 0.726466
vt 0.517798 0.724894
vt 0.517799 0.725391
vt 0.517801 0.725739
vt 0.523496 0.726318
vt 0.517803 0.726707
vt 0.523492 0.726364
vt 0.523515 0.726466
vt 0.517799 0.725556
vt 0.517801 0.726030
vt 0.517802 0.726351
vt 0.524807 0.726400
vt 0.517807 0.727140
vt 0.524782 0.726420
vt 0.524815 0.726466
vt 0.517804 0.726053
vt 0.517805 0.726502
vt 0.517806 0.726804
vt 0.526169 0.726450
vt 0.517819 0.727415
vt 0.526124 0.726454
vt 0.526032 0.726466
vt 0.526171 0.726466
vt 0.517817 0.726361
vt 0.517818 0.726795
vt 0.517818 0.727089
vt 0.526308 0.559456
vt 0.527556 0.560654
vt 0.526693 0.559826
vt 0.527041 0.560160
vt 0.527325 0.560654
vt 0.527496 0.560654
vt 0.514747 0.569514
vt 0.517748 0.558697
vt 0.517748 0.566635
vt 0.515699 0.569655
vt 0.517822 0.569419
vt 0.517910 0.560654
vt 0.516559 0.569398
vt 0.517804 0.559822
vt 0.517804 0.568770
vt 0.517775 0.559295
vt 0.517775 0.567809
vt 0.526167 0.560665
vt 0.525105 0.559468
vt 0.526124 0.560662
vt 0.525998 0.560660
vt 0.525732 0.560163
vt 0.525435 0.559834
vt 0.524795 0.560699
vt 0.523920 0.559476
vt 0.524774 0.560686
vt 0.524703 0.560675
vt 0.524446 0.560162
vt 0.524197 0.559838
vt 0.523463 0.560754
vt 0.522776 0.559474
vt 0.523469 0.560724
vt 0.523456 0.560698
vt 0.523211 0.560155
vt 0.523005 0.559836
vt 0.522193 0.560830
vt 0.521700 0.559462
vt 0.522231 0.560776
vt 0.522278 0.560729
vt 0.522052 0.560143
vt 0.521884 0.559825
vt 0.521006 0.560924
vt 0.520715 0.559436
vt 0.521150 0.560777
vt 0.521176 0.560769
vt 0.521185 0.560654
vt 0.520994 0.560125
vt 0.520861 0.559805
vt 0.517103 0.563709
vt 0.519845 0.559396
vt 0.517313 0.563782
vt 0.518449 0.563380
vt 0.520405 0.560654
vt 0.517744 0.564082
vt 0.520204 0.560654
vt 0.520059 0.560100
vt 0.519957 0.559775
vt 0.516633 0.564723
vt 0.519109 0.559338
vt 0.516999 0.564811
vt 0.517755 0.564875
vt 0.519623 0.560654
vt 0.517759 0.565217
vt 0.519372 0.560654
vt 0.519268 0.560068
vt 0.519192 0.559734
vt 0.516155 0.565835
vt 0.518524 0.559261
vt 0.516686 0.565938
vt 0.517772 0.565955
vt 0.518978 0.560654
vt 0.517781 0.566462
vt 0.518707 0.560654
vt 0.518637 0.560030
vt 0.518582 0.559679
vt 0.515677 0.567021
vt 0.518100 0.559159
vt 0.516381 0.567140
vt 0.517792 0.567094
vt 0.518477 0.560654
vt 0.517803 0.567792
vt 0.518222 0.560654
vt 0.518178 0.559987
vt 0.518140 0.559608
vt 0.515206 0.568255
vt 0.517844 0.559017
vt 0.516079 0.568391
vt 0.517810 0.568271
vt 0.518120 0.560654
vt 0.517821 0.569178
vt 0.517927 0.560654
vt 0.517900 0.559957
vt 0.517871 0.559517
vt 0.604286 0.617284
vt 0.603244 0.616529
vt 0.603384 0.616525
vt 0.607597 0.613003
vt 0.606811 0.612977
vt 0.606811 0.612977
vt 0.604002 0.617276
vt 0.603856 0.616511
vt 0.603856 0.616511
vt 0.604728 0.617181
vt 0.604448 0.616458
vt 0.604448 0.616458
vt 0.605429 0.616990
vt 0.605004 0.616371
vt 0.605002 0.616371
vt 0.606150 0.616585
vt 0.605506 0.616252
vt 0.605504 0.616252
vt 0.606860 0.615877
vt 0.606503 0.615259
vt 0.606501 0.615259
vt 0.607271 0.615155
vt 0.606628 0.614753
vt 0.606627 0.614753
vt 0.607471 0.614449
vt 0.606724 0.614192
vt 0.606723 0.614192
vt 0.607575 0.613718
vt 0.606785 0.613594
vt 0.606785 0.613594
vt 0.551423 0.615068
vt 0.551681 0.612977
vt 0.551681 0.613278
vt 0.555204 0.616529
vt 0.551517 0.617185
vt 0.554369 0.617185
vt 0.554979 0.616529
vt 0.551681 0.616509
vt 0.555204 0.616529
vt 0.551686 0.613594
vt 0.551470 0.615156
vt 0.551681 0.613799
vt 0.551702 0.614192
vt 0.551490 0.615472
vt 0.551681 0.614332
vt 0.551728 0.614753
vt 0.551502 0.615833
vt 0.551681 0.614840
vt 0.551764 0.615260
vt 0.551511 0.616191
vt 0.551744 0.615345
vt 0.552940 0.616446
vt 0.551516 0.616517
vt 0.552318 0.616119
vt 0.553443 0.616481
vt 0.551518 0.616792
vt 0.552562 0.616291
vt 0.553999 0.616508
vt 0.551519 0.617001
vt 0.552823 0.616414
vt 0.554593 0.616524
vt 0.551518 0.617135
vt 0.553064 0.616482
vt 0.554593 0.616529
vt 0.551681 0.616475
vt 0.554019 0.584344
vt 0.555233 0.584778
vt 0.555062 0.584777
vt 0.551681 0.588330
vt 0.551329 0.584489
vt 0.551329 0.587585
vt 0.551681 0.588122
vt 0.551699 0.584778
vt 0.551681 0.588330
vt 0.554616 0.584783
vt 0.553579 0.584367
vt 0.554490 0.584778
vt 0.554018 0.584799
vt 0.553133 0.584386
vt 0.553936 0.584778
vt 0.553457 0.584825
vt 0.552699 0.584401
vt 0.553414 0.584778
vt 0.552950 0.584861
vt 0.552298 0.584412
vt 0.552928 0.584794
vt 0.551764 0.586046
vt 0.551945 0.584421
vt 0.552096 0.585412
vt 0.551728 0.586554
vt 0.551656 0.584428
vt 0.551928 0.585652
vt 0.551702 0.587115
vt 0.551446 0.584437
vt 0.551802 0.585917
vt 0.551686 0.587713
vt 0.551329 0.584452
vt 0.551731 0.586157
vt 0.551681 0.587713
vt 0.551735 0.584778
vt 0.607871 0.588301
vt 0.607108 0.588330
vt 0.607108 0.588330
vt 0.607199 0.584155
vt 0.603599 0.584777
vt 0.603907 0.584786
vt 0.607863 0.587585
vt 0.607097 0.587713
vt 0.607097 0.587713
vt 0.607773 0.586854
vt 0.607051 0.587114
vt 0.607051 0.587114
vt 0.607587 0.586150
vt 0.606971 0.586553
vt 0.606971 0.586553
vt 0.607190 0.585431
vt 0.606859 0.586045
vt 0.606859 0.586045
vt 0.606495 0.584728
vt 0.605880 0.585055
vt 0.605880 0.585055
vt 0.605781 0.584324
vt 0.605374 0.584936
vt 0.605374 0.584936
vt 0.605078 0.584130
vt 0.604813 0.584849
vt 0.604813 0.584849
vt 0.604348 0.584032
vt 0.604215 0.584795
vt 0.604215 0.584795
vt 0.000000 0.000000
vt 0.625000 0.697591
vt 0.000000 0.000000
vt 0.625000 0.696758
vt 0.000000 0.000000
vt 0.625000 0.697591
vt 0.000000 0.000000
vt 0.625000 0.697175
vt 0.000000 0.000000
vt 0.625000 0.568773
vt 0.000000 0.000000
vt 0.625000 0.568137
vt 0.000000 0.000000
vt 0.625000 0.568455
vt 0.000000 0.000000
vt 0.625000 0.568137
vt 0.535206 0.696750
vt 0.535862 0.697591
vt 0.535534 0.697171
vt 0.535770 0.697591
vt 0.531374 0.693103
vt 0.531893 0.695519
vt 0.531893 0.693167
vt 0.531374 0.693111
vt 0.531374 0.693157
vt 0.531378 0.697591
vt 0.531633 0.693135
vt 0.535083 0.697591
vt 0.534561 0.696724
vt 0.534996 0.697591
vt 0.534822 0.697158
vt 0.534327 0.697591
vt 0.533936 0.696677
vt 0.534245 0.697591
vt 0.534131 0.697134
vt 0.533618 0.697591
vt 0.533356 0.696604
vt 0.533543 0.697591
vt 0.533487 0.697098
vt 0.532977 0.697591
vt 0.532849 0.696501
vt 0.532853 0.697499
vt 0.532913 0.697046
vt 0.531374 0.695988
vt 0.532435 0.696363
vt 0.531299 0.695879
vt 0.532429 0.696977
vt 0.531374 0.695347
vt 0.532133 0.696185
vt 0.531374 0.695288
vt 0.532054 0.696888
vt 0.531374 0.694638
vt 0.531950 0.695970
vt 0.531374 0.694583
vt 0.531797 0.696781
vt 0.531374 0.694433
vt 0.531589 0.697591
vt 0.531374 0.693882
vt 0.531878 0.695736
vt 0.531374 0.693851
vt 0.531374 0.693882
vt 0.531374 0.693765
vt 0.531432 0.697591
vt 0.531936 0.572359
vt 0.531374 0.572625
vt 0.531655 0.572492
vt 0.531374 0.572587
vt 0.535862 0.568137
vt 0.532150 0.568773
vt 0.535635 0.568773
vt 0.531374 0.568140
vt 0.535832 0.568137
vt 0.531762 0.568455
vt 0.535749 0.568455
vt 0.531374 0.571846
vt 0.531977 0.571696
vt 0.531374 0.571813
vt 0.531675 0.571771
vt 0.531374 0.571090
vt 0.532018 0.571070
vt 0.531374 0.571063
vt 0.531696 0.571080
vt 0.531374 0.570381
vt 0.532056 0.570499
vt 0.531374 0.570361
vt 0.531715 0.570440
vt 0.531374 0.569740
vt 0.532089 0.569996
vt 0.531397 0.569712
vt 0.531732 0.569868
vt 0.532977 0.568137
vt 0.532116 0.569571
vt 0.532984 0.568135
vt 0.531745 0.569379
vt 0.533618 0.568137
vt 0.532135 0.569230
vt 0.533617 0.568137
vt 0.531754 0.568984
vt 0.534327 0.568137
vt 0.532146 0.568980
vt 0.534322 0.568137
vt 0.531760 0.568694
vt 0.534327 0.568137
vt 0.531374 0.568407
vt 0.535083 0.568137
vt 0.532150 0.568825
vt 0.535083 0.568137
vt 0.531374 0.568205
vt 0.534981 0.568137
vt 0.531374 0.568232
vt 0.531762 0.568515
vt 0.485629 0.715978
vt 0.491995 0.716039
vt 0.492005 0.709509
vt 0.495779 0.720839
vt 0.487047 0.715992
vt 0.488394 0.716005
vt 0.489602 0.716016
vt 0.490610 0.716026
vt 0.492005 0.713578
vt 0.491368 0.716033
vt 0.492005 0.712341
vt 0.491837 0.716038
vt 0.492005 0.710962
vt 0.492005 0.551925
vt 0.492005 0.545396
vt 0.485629 0.545396
vt 0.495833 0.540200
vt 0.492005 0.550472
vt 0.492005 0.549092
vt 0.492005 0.547854
vt 0.492005 0.546820
vt 0.489604 0.545395
vt 0.492005 0.546042
vt 0.488395 0.545395
vt 0.492005 0.545559
vt 0.487048 0.545396
vt 0.385654 0.545415
vt 0.379277 0.545417
vt 0.379278 0.551912
vt 0.376760 0.539449
vt 0.384235 0.545416
vt 0.382887 0.545416
vt 0.381678 0.545416
vt 0.380668 0.545416
vt 0.379278 0.547862
vt 0.379909 0.545417
vt 0.379278 0.549094
vt 0.379437 0.545417
vt 0.379278 0.550467
vt 0.379278 0.708458
vt 0.379278 0.714963
vt 0.385654 0.715015
vt 0.376956 0.721003
vt 0.379278 0.709904
vt 0.379278 0.711277
vt 0.379278 0.712510
vt 0.379278 0.713540
vt 0.381676 0.714977
vt 0.379278 0.714316
vt 0.382887 0.714988
vt 0.379278 0.714798
vt 0.384235 0.715001
vt 0.491205 0.709469
vt 0.492005 0.709509
vt 0.491605 0.709488
vt 0.492005 0.709509
vt 0.485596 0.715160
vt 0.485629 0.715978
vt 0.485612 0.715569
vt 0.485629 0.715978
vt 0.491174 0.710783
vt 0.491966 0.710962
vt 0.491567 0.710871
vt 0.491959 0.710961
vt 0.490995 0.711997
vt 0.491853 0.712340
vt 0.491407 0.712164
vt 0.491824 0.712340
vt 0.490483 0.713205
vt 0.491672 0.713576
vt 0.490979 0.713418
vt 0.491598 0.713580
vt 0.489250 0.714456
vt 0.489603 0.715675
vt 0.489454 0.714966
vt 0.489606 0.715600
vt 0.488066 0.714969
vt 0.488394 0.715850
vt 0.488226 0.715392
vt 0.488394 0.715819
vt 0.486879 0.715141
vt 0.487047 0.715952
vt 0.486961 0.715543
vt 0.487047 0.715944
vt 0.485595 0.546214
vt 0.485629 0.545396
vt 0.485611 0.545805
vt 0.485629 0.545396
vt 0.491205 0.551958
vt 0.492005 0.551925
vt 0.491605 0.551942
vt 0.492005 0.551925
vt 0.486878 0.546245
vt 0.487048 0.545435
vt 0.486961 0.545843
vt 0.487047 0.545443
vt 0.488066 0.546428
vt 0.488395 0.545550
vt 0.488226 0.546006
vt 0.488395 0.545581
vt 0.489250 0.546952
vt 0.489604 0.545736
vt 0.489455 0.546444
vt 0.489608 0.545811
vt 0.490483 0.548214
vt 0.491672 0.547853
vt 0.490979 0.548005
vt 0.491598 0.547849
vt 0.490995 0.549427
vt 0.491854 0.549092
vt 0.491407 0.549264
vt 0.491824 0.549092
vt 0.491175 0.550644
vt 0.491967 0.550472
vt 0.491567 0.550560
vt 0.491959 0.550472
vt 0.380078 0.551948
vt 0.379278 0.551912
vt 0.379678 0.551931
vt 0.379278 0.551912
vt 0.385688 0.546232
vt 0.385654 0.545415
vt 0.385671 0.545824
vt 0.385654 0.545416
vt 0.380108 0.550641
vt 0.379316 0.550467
vt 0.379716 0.550556
vt 0.379324 0.550467
vt 0.380288 0.549431
vt 0.379429 0.549094
vt 0.379876 0.549268
vt 0.379459 0.549095
vt 0.380799 0.548224
vt 0.379611 0.547863
vt 0.380303 0.548015
vt 0.379685 0.547859
vt 0.382032 0.546968
vt 0.381678 0.545756
vt 0.381827 0.546462
vt 0.381675 0.545831
vt 0.383217 0.546446
vt 0.382887 0.545570
vt 0.383057 0.546026
vt 0.382888 0.545601
vt 0.384405 0.546263
vt 0.384235 0.545455
vt 0.384322 0.545863
vt 0.384235 0.545463
vt 0.385689 0.714199
vt 0.385654 0.715015
vt 0.385672 0.714607
vt 0.385654 0.715015
vt 0.380078 0.708429
vt 0.379278 0.708458
vt 0.379678 0.708443
vt 0.379278 0.708458
vt 0.384406 0.714156
vt 0.384235 0.714962
vt 0.384322 0.714555
vt 0.384235 0.714954
vt 0.383217 0.713961
vt 0.382887 0.714834
vt 0.383057 0.714380
vt 0.382887 0.714803
vt 0.382032 0.713428
vt 0.381677 0.714637
vt 0.381827 0.713932
vt 0.381673 0.714562
vt 0.380799 0.712161
vt 0.379611 0.712512
vt 0.380303 0.712365
vt 0.379685 0.712517
vt 0.380288 0.710949
vt 0.379429 0.711278
vt 0.379876 0.711109
vt 0.379459 0.711278
vt 0.380108 0.709736
vt 0.379316 0.709904
vt 0.379716 0.709818
vt 0.379324 0.709904
vt 0.482306 0.726092
vt 0.499868 0.726090
vt 0.499866 0.708158
vt 0.499944 0.741437
vt 0.485362 0.726092
vt 0.488324 0.726092
vt 0.491102 0.726091
vt 0.493611 0.726091
vt 0.495775 0.726091
vt 0.499893 0.719675
vt 0.497530 0.726091
vt 0.499887 0.717119
vt 0.498820 0.726091
vt 0.499881 0.714289
vt 0.499607 0.726090
vt 0.499873 0.711271
vt 0.499503 0.553209
vt 0.499461 0.535234
vt 0.481859 0.535277
vt 0.499420 0.517674
vt 0.499496 0.550094
vt 0.499489 0.547073
vt 0.499482 0.544237
vt 0.499476 0.541672
vt 0.499471 0.539456
vt 0.493183 0.535276
vt 0.499467 0.537657
vt 0.490665 0.535276
vt 0.499464 0.536330
vt 0.487882 0.535276
vt 0.499462 0.535514
vt 0.484916 0.535276
vt 0.481859 0.535277
vt 0.499503 0.535276
vt 0.499503 0.553209
vt 0.495837 0.540195
vt 0.484916 0.535276
vt 0.487882 0.535276
vt 0.490665 0.535276
vt 0.493183 0.535276
vt 0.495358 0.535276
vt 0.499476 0.541672
vt 0.497124 0.535276
vt 0.499482 0.544237
vt 0.498427 0.535276
vt 0.499489 0.547073
vt 0.499228 0.535276
vt 0.499496 0.550094
vt 0.499866 0.708158
vt 0.499908 0.726049
vt 0.482306 0.726092
vt 0.495783 0.720844
vt 0.499873 0.711271
vt 0.499881 0.714289
vt 0.499887 0.717119
vt 0.499893 0.719675
vt 0.499898 0.721880
vt 0.493611 0.726091
vt 0.499902 0.723667
vt 0.491102 0.726091
vt 0.499906 0.724982
vt 0.488324 0.726091
vt 0.499907 0.725784
vt 0.485362 0.726092
vt 0.381810 0.739010
vt 0.381810 0.744063
vt 0.387606 0.744063
vt 0.377711 0.747637
vt 0.381810 0.740134
vt 0.381810 0.741202
vt 0.381809 0.742161
vt 0.381810 0.742961
vt 0.383992 0.744063
vt 0.381810 0.743563
vt 0.385091 0.744063
vt 0.381810 0.743937
vt 0.386316 0.744063
vt 0.387606 0.732037
vt 0.381809 0.732037
vt 0.381810 0.737091
vt 0.377710 0.728464
vt 0.386316 0.732037
vt 0.385091 0.732037
vt 0.383992 0.732037
vt 0.383074 0.732037
vt 0.381810 0.733940
vt 0.382383 0.732037
vt 0.381810 0.734898
vt 0.381954 0.732037
vt 0.381810 0.735966
vt 0.402360 0.737089
vt 0.402360 0.732036
vt 0.396564 0.732036
vt 0.406459 0.728462
vt 0.402360 0.735965
vt 0.402360 0.734897
vt 0.402360 0.733938
vt 0.402360 0.733138
vt 0.400178 0.732036
vt 0.402360 0.732536
vt 0.399079 0.732036
vt 0.402360 0.732163
vt 0.397854 0.732036
vt 0.396564 0.744063
vt 0.402360 0.744063
vt 0.402360 0.739010
vt 0.406459 0.747637
vt 0.397854 0.744063
vt 0.399079 0.744063
vt 0.400178 0.744063
vt 0.401096 0.744063
vt 0.402360 0.742160
vt 0.401786 0.744063
vt 0.402360 0.741202
vt 0.402215 0.744063
vt 0.402360 0.740134
vt 0.468187 0.704151
vt 0.469388 0.704200
vt 0.469428 0.702932
vt 0.470465 0.704905
vt 0.468568 0.704167
vt 0.468909 0.704181
vt 0.469175 0.704192
vt 0.469428 0.703671
vt 0.469340 0.704198
vt 0.469428 0.703322
vt 0.464810 0.702744
vt 0.464810 0.704054
vt 0.466051 0.704064
vt 0.463568 0.704014
vt 0.464810 0.703138
vt 0.464810 0.703498
vt 0.464810 0.703788
vt 0.465314 0.704034
vt 0.464810 0.703979
vt 0.465666 0.704048
vt 0.469428 0.558309
vt 0.469428 0.557045
vt 0.468186 0.557045
vt 0.470638 0.556757
vt 0.469428 0.557917
vt 0.469428 0.557564
vt 0.469428 0.557284
vt 0.468915 0.557042
vt 0.469428 0.557105
vt 0.468569 0.557043
vt 0.466052 0.557053
vt 0.464805 0.557059
vt 0.464810 0.558328
vt 0.463569 0.557057
vt 0.465668 0.557055
vt 0.465321 0.557056
vt 0.465045 0.557058
vt 0.464810 0.557581
vt 0.464867 0.557058
vt 0.464810 0.557936
vt 0.441851 0.702569
vt 0.441851 0.703878
vt 0.443091 0.703887
vt 0.440610 0.703838
vt 0.441851 0.702963
vt 0.441851 0.703322
vt 0.441851 0.703612
vt 0.442355 0.703858
vt 0.441851 0.703803
vt 0.442706 0.703872
vt 0.445225 0.703974
vt 0.446425 0.704023
vt 0.446465 0.702756
vt 0.447707 0.704024
vt 0.445606 0.703990
vt 0.445946 0.704003
vt 0.446212 0.704014
vt 0.446465 0.703494
vt 0.446377 0.704021
vt 0.446465 0.703146
vt 0.446468 0.558298
vt 0.446468 0.557035
vt 0.445227 0.557034
vt 0.447709 0.557031
vt 0.446468 0.557906
vt 0.446468 0.557553
vt 0.446468 0.557274
vt 0.445955 0.557031
vt 0.446468 0.557095
vt 0.445610 0.557033
vt 0.443094 0.557043
vt 0.441848 0.557048
vt 0.441853 0.558316
vt 0.440612 0.557046
vt 0.442710 0.557044
vt 0.442364 0.557046
vt 0.442088 0.557047
vt 0.441853 0.557569
vt 0.441910 0.557047
vt 0.441853 0.557924
vt 0.418899 0.702394
vt 0.420140 0.703711
vt 0.418920 0.702788
vt 0.418978 0.703147
vt 0.419406 0.703601
vt 0.419755 0.703675
vt 0.422274 0.703798
vt 0.423474 0.703846
vt 0.423514 0.702581
vt 0.424755 0.703847
vt 0.422655 0.703813
vt 0.422995 0.703827
vt 0.423261 0.703838
vt 0.423514 0.703318
vt 0.423426 0.703844
vt 0.423514 0.702970
vt 0.423515 0.558288
vt 0.423515 0.557026
vt 0.422274 0.557026
vt 0.424756 0.557023
vt 0.423515 0.557897
vt 0.423515 0.557544
vt 0.423515 0.557265
vt 0.423003 0.557023
vt 0.423515 0.557087
vt 0.422658 0.557024
vt 0.420142 0.557034
vt 0.418901 0.558306
vt 0.419758 0.557056
vt 0.419412 0.557118
vt 0.418980 0.557560
vt 0.418921 0.557914
vt 0.469428 0.702932
vt 0.468187 0.704151
vt 0.469408 0.703322
vt 0.469349 0.703670
vt 0.468911 0.704100
vt 0.468569 0.704146
vt 0.466051 0.704064
vt 0.464810 0.702744
vt 0.465666 0.704028
vt 0.465317 0.703953
vt 0.464889 0.703498
vt 0.464830 0.703138
vt 0.443091 0.703887
vt 0.441851 0.702569
vt 0.442707 0.703851
vt 0.442357 0.703777
vt 0.441930 0.703323
vt 0.441871 0.702963
vt 0.446465 0.702756
vt 0.445225 0.703974
vt 0.446445 0.703146
vt 0.446386 0.703493
vt 0.445949 0.703923
vt 0.445607 0.703969
vt 0.441853 0.558316
vt 0.443094 0.557043
vt 0.441873 0.557924
vt 0.441932 0.557570
vt 0.442364 0.557126
vt 0.442710 0.557065
vt 0.420140 0.703711
vt 0.418899 0.702394
vt 0.419755 0.703675
vt 0.419406 0.703601
vt 0.418978 0.703147
vt 0.418920 0.702788
vt 0.423514 0.702581
vt 0.422274 0.703798
vt 0.423494 0.702970
vt 0.423435 0.703317
vt 0.422998 0.703746
vt 0.422656 0.703792
vt 0.418901 0.558306
vt 0.420142 0.557034
vt 0.418921 0.557914
vt 0.418980 0.557560
vt 0.419412 0.557118
vt 0.419758 0.557056
vt 0.468186 0.557045
vt 0.469428 0.558309
vt 0.468569 0.557064
vt 0.468915 0.557122
vt 0.469349 0.557564
vt 0.469408 0.557917
vt 0.464810 0.558328
vt 0.466052 0.557053
vt 0.464830 0.557936
vt 0.464889 0.557581
vt 0.465321 0.557137
vt 0.465668 0.557076
vt 0.445227 0.557034
vt 0.446468 0.558298
vt 0.445610 0.557054
vt 0.445955 0.557112
vt 0.446389 0.557553
vt 0.446447 0.557906
vt 0.422274 0.557026
vt 0.423515 0.558288
vt 0.422658 0.557045
vt 0.423003 0.557104
vt 0.423436 0.557544
vt 0.423495 0.557897
s 0
usemtl basecolor
f 15/17/1 678/781/1 688/795/1 17/19/1
f 105/119/2 156/171/2 216/241/2 107/121/2
f 106/120/3 9/9/3 81/86/3 80/85/3 10/10/3 7/7/3 105/119/3 107/121/3 108/122/3 109/123/3 110/124/3 111/125/3 112/126/3 113/127/3 114/128/3 115/129/3 116/130/3
f 128/142/3 1/1/3 6/6/3 103/117/3 157/173/3
f 677/779/4 667/765/4 699/811/4 689/797/4
f 126/140/3 127/141/3 117/131/3 8/8/3 12/13/3 90/99/3 92/102/3 11/12/3 118/132/3 119/133/3 120/134/3 121/135/3 122/136/3 123/137/3 124/138/3 125/139/3
f 45/49/3 46/50/3 38/42/3 47/51/3 49/53/3 50/54/3 51/55/3 52/56/3 53/57/3 54/58/3 55/59/3 56/60/3 48/52/3 57/61/3 59/63/3 60/64/3 61/65/3 62/66/3 63/67/3 64/68/3 65/69/3 66/70/3 58/62/3 67/71/3 69/73/3 70/74/3 71/75/3 72/76/3 73/77/3 74/78/3 75/79/3 76/80/3 68/72/3 37/41/3 39/43/3 40/44/3 41/45/3 42/46/3 43/47/3 44/48/3
f 599/696/11 514/600/11 511/596/11 575/672/11
f 679/782/3 678/781/3 15/17/3 2/2/3 14/16/3
f 36/40/12 35/39/12 16/18/12 700/813/12 666/763/12
f 701/814/3 504/586/3 503/585/3 511/596/3 513/599/3 690/798/3 689/797/3 699/811/3
f 502/583/13 543/640/13 567/664/13 505/587/13
f 509/593/14 551/648/14 547/644/14 510/595/14
f 520/609/15 607/704/15 631/728/15 523/613/15
f 520/609/3 522/612/3 17/19/3 688/795/3 690/798/3 513/599/3 512/598/3
f 700/813/3 16/18/3 531/625/3 530/624/3 502/583/3 504/586/3 701/814/3
f 531/625/3 16/18/3 17/19/3 522/612/3 521/611/3 529/622/3
f 10/11/16 12/14/16 28/31/16 27/29/16
f 223/250/1 134/148/1 8/8/1 117/131/1
f 17/19/17 16/18/17 31/35/17 32/36/17
f 14/16/8 2/2/8 20/22/8 30/34/8
f 35/39/17 34/38/17 18/20/17 31/35/17
f 3/3/8 5/5/8 23/25/8 21/23/8
f 135/149/16 4/4/16 22/24/16 145/159/16
f 6/6/1 1/1/1 19/21/1 24/26/1
f 7/7/16 10/10/16 27/30/16 25/27/16
f 2/2/17 15/17/17 32/36/17 20/22/17
f 13/15/1 6/6/1 24/26/1 29/33/1
f 12/13/16 8/8/16 26/28/16 28/32/16
f 33/37/1 13/15/1 29/33/1 18/20/1 34/38/1
f 5/5/8 14/16/8 30/34/8 23/25/8
f 129/143/8 156/171/8 105/119/8 7/7/8
f 4/4/18 3/3/18 21/23/18 22/24/18
f 222/249/3 104/118/3 5/5/3 3/3/3 4/4/3 135/149/3
f 679/782/3 14/16/3 5/5/3 104/118/3 229/257/3 150/165/3 103/117/3 6/6/3 13/15/3 668/766/3 667/765/3 677/779/3
f 710/827/16 720/842/16 762/895/16 755/888/16
f 719/840/19 729/855/19 770/903/19 763/896/19
f 738/868/3 728/853/3 730/856/3 36/40/3 33/37/3 739/869/3
f 728/853/17 738/868/17 746/879/17 771/904/17
f 720/842/3 710/827/3 712/830/3 34/38/3 35/39/3 721/843/3
f 729/855/3 719/840/3 721/843/3 35/39/3 36/40/3 730/856/3
f 739/869/3 33/37/3 34/38/3 712/830/3 711/829/3 737/866/3
f 420/484/16 421/486/16 419/482/16 12/14/16 10/11/16 414/472/16 416/476/16 417/478/16 415/474/16 418/480/16
f 79/83/3 82/87/3 81/86/3
f 82/87/3 83/88/3 81/86/3
f 83/88/3 84/89/3 81/86/3
f 84/89/3 85/90/3 81/86/3
f 85/90/3 86/91/3 81/86/3
f 86/91/3 87/93/3 81/86/3
f 87/93/3 88/95/3 81/86/3
f 88/95/3 89/97/3 81/86/3
f 89/97/3 80/84/3 81/86/3
f 90/99/3 93/103/3 92/102/3
f 93/103/3 94/104/3 92/102/3
f 94/104/3 95/105/3 92/102/3
f 95/105/3 96/106/3 92/102/3
f 96/106/3 97/107/3 92/102/3
f 97/107/3 98/109/3 92/102/3
f 98/109/3 99/111/3 92/102/3
f 99/111/3 100/113/3 92/102/3
f 100/113/3 91/100/3 92/102/3
f 91/101/3 79/83/3 81/86/3 9/9/3 11/12/3 92/102/3
f 116/130/68 162/181/68 151/166/68 106/120/68
f 114/128/69 174/193/69 168/187/69 115/129/69
f 113/127/70 180/199/70 174/193/70 114/128/70
f 112/126/71 186/205/71 180/199/71 113/127/71
f 111/125/72 192/213/72 186/205/72 112/126/72
f 110/124/73 198/220/73 192/213/73 111/125/73
f 109/123/74 204/227/74 198/220/74 110/124/74
f 108/122/75 210/234/75 204/227/75 109/123/75
f 107/121/76 216/241/76 210/234/76 108/122/76
f 222/249/3 235/267/3 104/118/3
f 115/129/77 168/187/77 162/181/77 116/130/77
f 127/141/78 234/266/78 223/250/78 117/131/78
f 125/139/79 246/278/79 240/272/79 126/140/79
f 124/138/80 252/284/80 246/278/80 125/139/80
f 123/137/81 258/290/81 252/284/81 124/138/81
f 122/136/82 264/297/82 258/290/82 123/137/82
f 121/135/83 270/306/83 264/297/83 122/136/83
f 120/134/84 276/315/84 270/306/84 121/135/84
f 119/133/85 282/324/85 276/315/85 120/134/85
f 118/132/86 288/333/86 282/324/86 119/133/86
f 126/140/87 240/272/87 234/266/87 127/141/87
f 289/334/3 229/256/3 104/118/3
f 283/325/3 289/334/3 104/118/3
f 277/316/3 283/325/3 104/118/3
f 271/307/3 277/316/3 104/118/3
f 265/298/3 271/307/3 104/118/3
f 259/291/3 265/298/3 104/118/3
f 253/285/3 259/291/3 104/118/3
f 247/279/3 253/285/3 104/118/3
f 241/273/3 247/279/3 104/118/3
f 235/267/3 241/273/3 104/118/3
f 11/12/88 228/255/88 288/333/88 118/132/88
f 217/242/3 157/172/3 103/117/3
f 211/235/3 217/242/3 103/117/3
f 205/228/3 211/235/3 103/117/3
f 199/221/3 205/228/3 103/117/3
f 193/214/3 199/221/3 103/117/3
f 187/206/3 193/214/3 103/117/3
f 181/200/3 187/206/3 103/117/3
f 175/194/3 181/200/3 103/117/3
f 169/188/3 175/194/3 103/117/3
f 163/182/3 169/188/3 103/117/3
f 228/255/89 11/12/89 9/9/89 106/120/89 151/166/89
f 150/164/3 163/182/3 103/117/3
f 26/28/16 134/148/16 136/150/16 146/160/16
f 146/160/16 136/150/16 137/151/16 147/161/16
f 147/161/16 137/151/16 138/152/16 148/162/16
f 148/162/16 138/152/16 139/153/16 149/163/16
f 149/163/16 139/153/16 135/149/16 145/159/16
f 140/154/16 128/142/16 130/144/16 141/155/16
f 141/155/16 130/144/16 131/145/16 142/156/16
f 142/156/16 131/145/16 132/146/16 143/157/16
f 143/157/16 132/146/16 133/147/16 144/158/16
f 144/158/16 133/147/16 129/143/16 25/27/16
f 151/166/90 162/181/90 164/183/90 155/170/90
f 155/170/91 164/183/91 165/184/91 154/169/91
f 154/169/92 165/184/92 166/185/92 153/168/92
f 153/168/93 166/185/93 167/186/93 152/167/93
f 152/167/94 167/186/94 163/182/94 150/164/94
f 162/181/95 168/187/95 170/189/95 164/183/95
f 164/183/96 170/189/96 171/190/96 165/184/96
f 165/184/97 171/190/97 172/191/97 166/185/97
f 166/185/98 172/191/98 173/192/98 167/186/98
f 167/186/99 173/192/99 169/188/99 163/182/99
f 168/187/100 174/193/100 176/195/100 170/189/100
f 170/189/101 176/195/101 177/196/101 171/190/101
f 171/190/102 177/196/102 178/197/102 172/191/102
f 172/191/103 178/197/103 179/198/103 173/192/103
f 173/192/104 179/198/104 175/194/104 169/188/104
f 174/193/105 180/199/105 182/201/105 176/195/105
f 176/195/106 182/201/106 183/202/106 177/196/106
f 177/196/107 183/202/107 184/203/107 178/197/107
f 178/197/108 184/203/108 185/204/108 179/198/108
f 179/198/109 185/204/109 181/200/109 175/194/109
f 180/199/110 186/205/110 188/207/110 182/201/110
f 182/201/111 188/207/111 189/210/111 183/202/111
f 183/202/112 189/210/112 190/211/112 184/203/112
f 184/203/113 190/211/113 191/212/113 185/204/113
f 185/204/114 191/212/114 187/206/114 181/200/114
f 186/205/115 192/213/115 194/215/115 188/208/115
f 188/208/116 194/215/116 195/216/116 189/209/116
f 189/210/117 195/217/117 196/218/117 190/211/117
f 190/211/118 196/218/118 197/219/118 191/212/118
f 191/212/119 197/219/119 193/214/119 187/206/119
f 192/213/120 198/220/120 200/222/120 194/215/120
f 194/215/121 200/222/121 201/223/121 195/216/121
f 195/217/122 201/224/122 202/225/122 196/218/122
f 196/218/123 202/225/123 203/226/123 197/219/123
f 197/219/124 203/226/124 199/221/124 193/214/124
f 198/220/125 204/227/125 206/229/125 200/222/125
f 200/222/126 206/229/126 207/230/126 201/223/126
f 201/224/127 207/231/127 208/232/127 202/225/127
f 202/225/128 208/232/128 209/233/128 203/226/128
f 203/226/129 209/233/129 205/228/129 199/221/129
f 204/227/130 210/234/130 212/236/130 206/229/130
f 206/229/131 212/236/131 213/237/131 207/230/131
f 207/231/132 213/238/132 214/239/132 208/232/132
f 208/232/133 214/239/133 215/240/133 209/233/133
f 209/233/134 215/240/134 211/235/134 205/228/134
f 210/234/135 216/241/135 218/243/135 212/236/135
f 212/236/136 218/243/136 219/244/136 213/237/136
f 213/238/137 219/246/137 220/247/137 214/239/137
f 214/239/138 220/247/138 221/248/138 215/240/138
f 215/240/139 221/248/139 217/242/139 211/235/139
f 216/241/140 156/171/140 158/174/140 218/243/140
f 218/243/141 158/174/141 159/176/141 219/245/141
f 219/246/142 159/175/142 160/177/142 220/247/142
f 220/247/143 160/177/143 161/179/143 221/248/143
f 221/248/144 161/179/144 157/172/144 217/242/144
f 223/250/145 234/266/145 236/268/145 227/254/145
f 227/254/146 236/268/146 237/269/146 226/253/146
f 226/253/147 237/269/147 238/270/147 225/252/147
f 225/252/148 238/270/148 239/271/148 224/251/148
f 224/251/149 239/271/149 235/267/149 222/249/149
f 234/266/150 240/272/150 242/274/150 236/268/150
f 236/268/151 242/274/151 243/275/151 237/269/151
f 237/269/152 243/275/152 244/276/152 238/270/152
f 238/270/153 244/276/153 245/277/153 239/271/153
f 239/271/154 245/277/154 241/273/154 235/267/154
f 240/272/155 246/278/155 248/280/155 242/274/155
f 242/274/156 248/280/156 249/281/156 243/275/156
f 243/275/157 249/281/157 250/282/157 244/276/157
f 244/276/158 250/282/158 251/283/158 245/277/158
f 245/277/159 251/283/159 247/279/159 241/273/159
f 246/278/160 252/284/160 254/286/160 248/280/160
f 248/280/161 254/286/161 255/287/161 249/281/161
f 249/281/162 255/287/162 256/288/162 250/282/162
f 250/282/163 256/288/163 257/289/163 251/283/163
f 251/283/164 257/289/164 253/285/164 247/279/164
f 252/284/165 258/290/165 260/292/165 254/286/165
f 254/286/166 260/292/166 261/293/166 255/287/166
f 255/287/167 261/293/167 262/295/167 256/288/167
f 256/288/168 262/295/168 263/296/168 257/289/168
f 257/289/169 263/296/169 259/291/169 253/285/169
f 258/290/170 264/297/170 266/299/170 260/292/170
f 260/292/171 266/299/171 267/300/171 261/294/171
f 261/294/172 267/301/172 268/304/172 262/295/172
f 262/295/173 268/304/173 269/305/173 263/296/173
f 263/296/174 269/305/174 265/298/174 259/291/174
f 264/297/175 270/306/175 272/308/175 266/299/175
f 266/299/176 272/308/176 273/309/176 267/302/176
f 267/303/177 273/310/177 274/313/177 268/304/177
f 268/304/178 274/313/178 275/314/178 269/305/178
f 269/305/179 275/314/179 271/307/179 265/298/179
f 270/306/180 276/315/180 278/317/180 272/308/180
f 272/308/181 278/317/181 279/318/181 273/311/181
f 273/312/182 279/319/182 280/322/182 274/313/182
f 274/313/183 280/322/183 281/323/183 275/314/183
f 275/314/184 281/323/184 277/316/184 271/307/184
f 276/315/185 282/324/185 284/326/185 278/317/185
f 278/317/186 284/326/186 285/327/186 279/320/186
f 279/321/187 285/328/187 286/331/187 280/322/187
f 280/322/188 286/331/188 287/332/188 281/323/188
f 281/323/189 287/332/189 283/325/189 277/316/189
f 282/324/190 288/333/190 290/335/190 284/326/190
f 284/326/191 290/335/191 291/336/191 285/329/191
f 285/330/192 291/337/192 292/340/192 286/331/192
f 286/331/193 292/340/193 293/341/193 287/332/193
f 287/332/194 293/341/194 289/334/194 283/325/194
f 288/333/195 228/255/195 230/258/195 290/335/195
f 290/335/196 230/258/196 231/259/196 291/338/196
f 291/339/197 231/260/197 232/262/197 292/340/197
f 292/340/198 232/262/198 233/264/198 293/341/198
f 293/341/199 233/264/199 229/256/199 289/334/199
f 228/255/200 151/166/200 155/170/200 230/258/200
f 230/258/201 155/170/201 154/169/201 231/261/201
f 231/261/202 154/169/202 153/168/202 232/263/202
f 232/263/203 153/168/203 152/167/203 233/265/203
f 233/265/204 152/167/204 150/165/204 229/257/204
f 156/171/205 129/143/205 133/147/205 158/174/205
f 158/174/206 133/147/206 132/146/206 159/176/206
f 159/176/207 132/146/207 131/145/207 160/178/207
f 160/178/208 131/145/208 130/144/208 161/180/208
f 161/180/209 130/144/209 128/142/209 157/173/209
f 134/148/210 223/250/210 227/254/210 136/150/210
f 136/150/211 227/254/211 226/253/211 137/151/211
f 137/151/212 226/253/212 225/252/212 138/152/212
f 138/152/213 225/252/213 224/251/213 139/153/213
f 139/153/214 224/251/214 222/249/214 135/149/214
f 1/1/16 128/142/16 140/154/16 19/21/16
f 326/374/216 332/383/216 331/382/216 324/372/216
f 294/342/251 296/344/251 302/350/251
f 300/348/252 294/342/252 302/350/252
f 387/445/270 411/469/270 413/471/270 389/447/270
f 389/447/271 413/471/271 388/446/271
f 326/374/294 359/415/294 357/410/294 325/373/294
f 328/377/361 294/342/361 300/348/361
f 328/377/360 300/348/360 303/351/360
f 502/583/3 505/587/3 504/586/3
f 505/587/3 506/588/3 504/586/3
f 506/588/3 507/589/3 504/586/3
f 507/589/3 508/590/3 504/586/3
f 508/590/3 509/592/3 504/586/3
f 509/592/3 510/594/3 504/586/3
f 510/594/3 503/584/3 504/586/3
f 511/596/3 514/600/3 513/599/3
f 514/600/3 515/601/3 513/599/3
f 515/601/3 516/602/3 513/599/3
f 516/602/3 517/603/3 513/599/3
f 517/603/3 518/605/3 513/599/3
f 518/605/3 519/607/3 513/599/3
f 519/607/3 512/597/3 513/599/3
f 520/609/3 523/613/3 522/612/3
f 523/613/3 524/614/3 522/612/3
f 524/614/3 525/615/3 522/612/3
f 525/615/3 526/616/3 522/612/3
f 526/616/3 527/618/3 522/612/3
f 527/618/3 528/620/3 522/612/3
f 528/620/3 521/610/3 522/612/3
f 529/622/3 532/626/3 531/625/3
f 532/626/3 533/627/3 531/625/3
f 533/627/3 534/628/3 531/625/3
f 534/628/3 535/629/3 531/625/3
f 535/629/3 536/631/3 531/625/3
f 536/631/3 537/633/3 531/625/3
f 537/633/3 530/623/3 531/625/3
f 527/619/362 615/712/362 611/708/362 528/621/362
f 635/732/363 530/624/363 537/634/363 643/740/363
f 523/613/364 631/728/364 627/724/364 524/614/364
f 524/614/365 627/724/365 623/720/365 525/615/365
f 525/615/366 623/720/366 619/716/366 526/617/366
f 526/617/367 619/716/367 615/712/367 527/619/367
f 529/622/17 521/611/17 603/700/17 639/736/17
f 663/760/368 532/626/368 529/622/368 639/736/368
f 647/744/369 536/632/369 535/630/369 651/748/369
f 651/748/370 535/630/370 534/628/370 655/752/370
f 655/752/371 534/628/371 533/627/371 659/756/371
f 659/756/372 533/627/372 532/626/372 663/760/372
f 643/740/373 537/634/373 536/632/373 647/744/373
f 502/583/374 530/624/374 635/732/374 543/640/374
f 571/668/375 512/598/375 519/608/375 579/676/375
f 505/587/376 567/664/376 563/660/376 506/588/376
f 506/588/377 563/660/377 559/656/377 507/589/377
f 507/589/378 559/656/378 555/652/378 508/591/378
f 508/591/379 555/652/379 551/648/379 509/593/379
f 511/596/16 503/585/16 539/636/16 575/672/16
f 520/609/380 512/598/380 571/668/380 607/704/380
f 583/680/381 518/606/381 517/604/381 587/684/381
f 587/684/382 517/604/382 516/602/382 591/688/382
f 591/688/383 516/602/383 515/601/383 595/692/383
f 595/692/384 515/601/384 514/600/384 599/696/384
f 528/621/385 611/708/385 603/700/385 521/611/385
f 579/676/386 519/608/386 518/606/386 583/680/386
f 778/911/387 786/923/387 866/1029/387 861/1024/387
f 820/971/17 814/963/17 878/1041/17 921/1084/17
f 799/941/388 793/933/388 908/1071/388 915/1078/388
f 792/931/17 779/913/17 860/1023/17 909/1072/17
f 606/703/389 630/727/389 632/729/389 608/705/389
f 608/705/390 632/729/390 633/730/390 609/706/390
f 609/706/391 633/730/391 631/728/391 607/704/391
f 630/727/392 626/723/392 628/725/392 632/729/392
f 632/729/393 628/725/393 629/726/393 633/730/393
f 633/730/394 629/726/394 627/724/394 631/728/394
f 626/723/395 622/719/395 624/721/395 628/725/395
f 628/725/396 624/721/396 625/722/396 629/726/396
f 629/726/397 625/722/397 623/720/397 627/724/397
f 624/721/399 620/717/399 621/718/399 625/722/399
f 625/722/400 621/718/400 619/716/400 623/720/400
f 618/715/401 614/711/401 616/713/401 620/717/401
f 620/717/402 616/713/402 617/714/402 621/718/402
f 621/718/403 617/714/403 615/712/403 619/716/403
f 614/711/404 610/707/404 612/709/404 616/713/404
f 616/713/405 612/709/405 613/710/405 617/714/405
f 617/714/406 613/710/406 611/708/406 615/712/406
f 610/707/407 602/699/407 604/701/407 612/709/407
f 612/709/408 604/701/408 605/702/408 613/710/408
f 613/710/409 605/702/409 603/700/409 611/708/409
f 642/739/410 634/731/410 636/733/410 644/741/410
f 644/741/411 636/733/411 637/734/411 645/742/411
f 645/742/412 637/734/412 635/732/412 643/740/412
f 646/743/413 642/739/413 644/741/413 648/745/413
f 648/745/414 644/741/414 645/742/414 649/746/414
f 649/746/415 645/742/415 643/740/415 647/744/415
f 650/747/416 646/743/416 648/745/416 652/749/416
f 652/749/417 648/745/417 649/746/417 653/750/417
f 653/750/418 649/746/418 647/744/418 651/748/418
f 656/753/420 652/749/420 653/750/420 657/754/420
f 657/754/421 653/750/421 651/748/421 655/752/421
f 658/755/422 654/751/422 656/753/422 660/757/422
f 660/757/423 656/753/423 657/754/423 661/758/423
f 661/758/424 657/754/424 655/752/424 659/756/424
f 662/759/425 658/755/425 660/757/425 664/761/425
f 664/761/426 660/757/426 661/758/426 665/762/426
f 665/762/427 661/758/427 659/756/427 663/760/427
f 638/735/428 662/759/428 664/761/428 640/737/428
f 640/737/429 664/761/429 665/762/429 641/738/429
f 641/738/430 665/762/430 663/760/430 639/736/430
f 542/639/431 566/663/431 568/665/431 544/641/431
f 544/641/432 568/665/432 569/666/432 545/642/432
f 545/642/433 569/666/433 567/664/433 543/640/433
f 566/663/434 562/659/434 564/661/434 568/665/434
f 568/665/435 564/661/435 565/662/435 569/666/435
f 569/666/436 565/662/436 563/660/436 567/664/436
f 562/659/437 558/655/437 560/657/437 564/661/437
f 564/661/438 560/657/438 561/658/438 565/662/438
f 565/662/439 561/658/439 559/656/439 563/660/439
f 558/655/440 554/651/440 556/653/440 560/657/440
f 560/657/441 556/653/441 557/654/441 561/658/441
f 561/658/442 557/654/442 555/652/442 559/656/442
f 554/651/443 550/647/443 552/649/443 556/653/443
f 556/653/444 552/649/444 553/650/444 557/654/444
f 557/654/445 553/650/445 551/648/445 555/652/445
f 550/647/446 546/643/446 548/645/446 552/649/446
f 552/649/447 548/645/447 549/646/447 553/650/447
f 553/650/448 549/646/448 547/644/448 551/648/448
f 546/643/449 538/635/449 540/637/449 548/645/449
f 548/645/450 540/637/450 541/638/450 549/646/450
f 549/646/451 541/638/451 539/636/451 547/644/451
f 578/675/452 570/667/452 572/669/452 580/677/452
f 580/677/453 572/669/453 573/670/453 581/678/453
f 581/678/454 573/670/454 571/668/454 579/676/454
f 582/679/455 578/675/455 580/677/455 584/681/455
f 584/681/456 580/677/456 581/678/456 585/682/456
f 585/682/457 581/678/457 579/676/457 583/680/457
f 586/683/458 582/679/458 584/681/458 588/685/458
f 588/685/459 584/681/459 585/682/459 589/686/459
f 589/686/460 585/682/460 583/680/460 587/684/460
f 590/687/461 586/683/461 588/685/461 592/689/461
f 592/689/462 588/685/462 589/686/462 593/690/462
f 593/690/463 589/686/463 587/684/463 591/688/463
f 594/691/464 590/687/464 592/689/464 596/693/464
f 596/693/465 592/689/465 593/690/465 597/694/465
f 597/694/466 593/690/466 591/688/466 595/692/466
f 598/695/467 594/691/467 596/693/467 600/697/467
f 600/697/468 596/693/468 597/694/468 601/698/468
f 601/698/469 597/694/469 595/692/469 599/696/469
f 574/671/470 598/695/470 600/697/470 576/673/470
f 576/673/471 600/697/471 601/698/471 577/674/471
f 577/674/472 601/698/472 599/696/472 575/672/472
f 538/635/473 574/671/473 576/673/473 540/637/473
f 540/637/474 576/673/474 577/674/474 541/638/474
f 541/638/475 577/674/475 575/672/475 539/636/475
f 634/731/476 542/639/476 544/641/476 636/733/476
f 636/733/477 544/641/477 545/642/477 637/734/477
f 637/734/478 545/642/478 543/640/478 635/732/478
f 570/667/479 606/703/479 608/705/479 572/669/479
f 572/669/480 608/705/480 609/706/480 573/670/480
f 573/670/481 609/706/481 607/704/481 571/668/481
f 602/699/482 638/735/482 640/737/482 604/701/482
f 604/701/483 640/737/483 641/738/483 605/702/483
f 605/702/484 641/738/484 639/736/484 603/700/484
f 510/595/485 547/644/485 539/636/485 503/585/485
f 666/763/3 669/767/3 668/766/3
f 669/767/3 670/768/3 668/766/3
f 670/768/3 671/769/3 668/766/3
f 671/769/3 672/770/3 668/766/3
f 672/770/3 673/771/3 668/766/3
f 673/771/3 674/773/3 668/766/3
f 674/773/3 675/775/3 668/766/3
f 675/775/3 676/777/3 668/766/3
f 676/777/3 667/764/3 668/766/3
f 677/779/3 680/783/3 679/782/3
f 680/783/3 681/784/3 679/782/3
f 681/784/3 682/785/3 679/782/3
f 682/785/3 683/786/3 679/782/3
f 683/786/3 684/787/3 679/782/3
f 684/787/3 685/789/3 679/782/3
f 685/789/3 686/791/3 679/782/3
f 686/791/3 687/793/3 679/782/3
f 687/793/3 678/780/3 679/782/3
f 688/795/3 691/799/3 690/798/3
f 691/799/3 692/800/3 690/798/3
f 692/800/3 693/801/3 690/798/3
f 693/801/360 694/802/360 690/798/360
f 694/802/360 695/803/360 690/798/360
f 695/803/360 696/805/360 690/798/360
f 696/805/360 697/807/360 690/798/360
f 697/807/3 698/809/3 690/798/3
f 698/809/3 689/796/3 690/798/3
f 699/811/3 702/815/3 701/814/3
f 702/815/3 703/816/3 701/814/3
f 703/816/3 704/817/3 701/814/3
f 704/817/360 705/818/360 701/814/360
f 705/818/360 706/819/360 701/814/360
f 706/819/360 707/821/360 701/814/360
f 707/821/3 708/823/3 701/814/3
f 708/823/3 709/825/3 701/814/3
f 709/825/3 700/812/3 701/814/3
f 699/811/486 667/765/486 676/778/486 702/815/486
f 702/815/487 676/778/487 675/776/487 703/816/487
f 703/816/488 675/776/488 674/774/488 704/817/488
f 704/817/489 674/774/489 673/772/489 705/818/489
f 705/818/490 673/772/490 672/770/490 706/820/490
f 706/820/491 672/770/491 671/769/491 707/822/491
f 707/822/492 671/769/492 670/768/492 708/824/492
f 708/824/493 670/768/493 669/767/493 709/826/493
f 709/826/494 669/767/494 666/763/494 700/813/494
f 688/795/50 678/781/50 687/794/50 691/799/50
f 691/799/495 687/794/495 686/792/495 692/800/495
f 692/800/496 686/792/496 685/790/496 693/801/496
f 693/801/497 685/790/497 684/788/497 694/802/497
f 694/802/498 684/788/498 683/786/498 695/804/498
f 695/804/499 683/786/499 682/785/499 696/806/499
f 696/806/500 682/785/500 681/784/500 697/808/500
f 697/808/501 681/784/501 680/783/501 698/810/501
f 698/810/502 680/783/502 677/779/502 689/797/502
f 668/766/3 13/15/3 33/37/3 36/40/3 666/763/3
f 710/827/3 713/831/3 712/830/3
f 713/831/3 714/832/3 712/830/3
f 714/832/3 715/833/3 712/830/3
f 715/833/3 716/834/3 712/830/3
f 716/834/3 717/836/3 712/830/3
f 717/836/3 718/838/3 712/830/3
f 718/838/3 711/828/3 712/830/3
f 719/840/3 722/844/3 721/843/3
f 722/844/3 723/845/3 721/843/3
f 723/845/3 724/846/3 721/843/3
f 724/846/3 725/847/3 721/843/3
f 725/847/3 726/849/3 721/843/3
f 726/849/3 727/851/3 721/843/3
f 727/851/3 720/841/3 721/843/3
f 728/853/3 731/857/3 730/856/3
f 731/857/3 732/858/3 730/856/3
f 732/858/3 733/859/3 730/856/3
f 733/859/3 734/860/3 730/856/3
f 734/860/3 735/862/3 730/856/3
f 735/862/3 736/864/3 730/856/3
f 736/864/3 729/854/3 730/856/3
f 737/866/3 740/870/3 739/869/3
f 740/870/3 741/871/3 739/869/3
f 741/871/3 742/872/3 739/869/3
f 742/872/3 743/873/3 739/869/3
f 743/873/3 744/875/3 739/869/3
f 744/875/3 745/877/3 739/869/3
f 745/877/3 738/867/3 739/869/3
f 737/866/503 747/880/503 753/886/503 740/870/503
f 740/870/504 753/886/504 752/885/504 741/871/504
f 741/871/505 752/885/505 751/884/505 742/872/505
f 742/872/61 751/884/61 750/883/61 743/874/61
f 743/874/506 750/883/506 749/882/506 744/876/506
f 744/876/362 749/882/362 748/881/362 745/878/362
f 745/878/385 748/881/385 746/879/385 738/868/385
f 770/903/507 729/855/507 736/865/507 772/905/507
f 772/905/508 736/865/508 735/863/508 773/906/508
f 773/906/509 735/863/509 734/861/509 774/907/509
f 774/907/54 734/861/54 733/859/54 775/908/54
f 775/908/510 733/859/510 732/858/510 776/909/510
f 776/909/511 732/858/511 731/857/511 777/910/511
f 777/910/512 731/857/512 728/853/512 771/904/512
f 719/840/513 763/896/513 769/902/513 722/844/513
f 722/844/514 769/902/514 768/901/514 723/845/514
f 723/845/515 768/901/515 767/900/515 724/846/515
f 724/846/30 767/900/30 766/899/30 725/848/30
f 725/848/516 766/899/516 765/898/516 726/850/516
f 726/850/517 765/898/517 764/897/517 727/852/517
f 727/852/485 764/897/485 762/895/485 720/842/485
f 754/887/518 711/829/518 718/839/518 756/889/518
f 756/889/519 718/839/519 717/837/519 757/890/519
f 757/890/520 717/837/520 716/835/520 758/891/520
f 758/891/18 716/835/18 715/833/18 759/892/18
f 759/892/521 715/833/521 714/832/521 760/893/521
f 760/893/384 714/832/384 713/831/384 761/894/384
f 761/894/11 713/831/11 710/827/11 755/888/11
f 737/866/8 711/829/8 754/887/8 747/880/8
f 847/1007/17 841/999/17 896/1059/17 927/1090/17
f 785/921/16 800/943/16 914/1077/16 867/1030/16
f 854/1017/388 848/1009/388 926/1089/388 903/1066/388
f 834/991/16 855/1018/16 902/1065/16 891/1054/16
f 827/981/388 821/973/388 920/1083/388 885/1048/388
f 840/997/387 835/992/387 890/1053/387 897/1060/387
f 813/961/387 807/953/387 872/1035/387 879/1042/387
f 806/951/16 828/983/16 884/1047/16 873/1036/16
f 790/927/3 791/929/3 787/924/3
f 791/929/3 786/922/3 787/924/3
f 792/931/3 795/935/3 794/934/3
f 798/939/3 793/932/3 794/934/3
f 799/941/3 802/945/3 801/944/3
f 811/957/3 812/959/3 808/954/3
f 812/959/3 807/952/3 808/954/3
f 826/979/3 821/972/3 822/974/3
f 827/981/3 830/985/3 829/984/3
f 853/1015/3 848/1008/3 849/1010/3
f 854/1017/522 903/1066/522 907/1070/522 856/1019/522
f 856/1019/523 907/1070/523 906/1069/523 857/1020/523
f 857/1020/524 906/1069/524 905/1068/524 858/1021/524
f 858/1021/525 905/1068/525 904/1067/525 859/1022/525
f 859/1022/526 904/1067/526 902/1065/526 855/1018/526
f 890/1053/527 835/992/527 839/996/527 892/1055/527
f 892/1055/528 839/996/528 838/995/528 893/1056/528
f 893/1056/529 838/995/529 837/994/529 894/1057/529
f 894/1057/530 837/994/530 836/993/530 895/1058/530
f 895/1058/531 836/993/531 834/991/531 891/1054/531
f 778/911/532 861/1024/532 865/1028/532 781/915/532
f 781/915/533 865/1028/533 864/1027/533 782/916/533
f 782/916/534 864/1027/534 863/1026/534 783/918/534
f 783/918/535 863/1026/535 862/1025/535 784/920/535
f 784/920/536 862/1025/536 860/1023/536 779/913/536
f 908/1071/537 793/933/537 798/940/537 910/1073/537
f 910/1073/538 798/940/538 797/938/538 911/1074/538
f 911/1074/539 797/938/539 796/936/539 912/1075/539
f 912/1075/540 796/936/540 795/935/540 913/1076/540
f 913/1076/541 795/935/541 792/931/541 909/1072/541
f 847/1007/541 927/1090/541 931/1094/541 850/1011/541
f 850/1011/540 931/1094/540 930/1093/540 851/1012/540
f 851/1012/539 930/1093/539 929/1092/539 852/1014/539
f 852/1014/538 929/1092/538 928/1091/538 853/1016/538
f 853/1016/537 928/1091/537 926/1089/537 848/1009/537
f 785/921/531 867/1030/531 871/1034/531 788/925/531
f 788/925/530 871/1034/530 870/1033/530 789/926/530
f 789/926/529 870/1033/529 869/1032/529 790/928/529
f 790/928/528 869/1032/528 868/1031/528 791/930/528
f 791/930/527 868/1031/527 866/1029/527 786/923/527
f 827/981/522 885/1048/522 889/1052/522 830/985/522
f 830/985/542 889/1052/542 888/1051/542 831/986/542
f 831/986/524 888/1051/524 887/1050/524 832/988/524
f 832/988/543 887/1050/543 886/1049/543 833/990/543
f 833/990/526 886/1049/526 884/1047/526 828/983/526
f 872/1035/527 807/953/527 812/960/527 874/1037/527
f 874/1037/528 812/960/528 811/958/528 875/1038/528
f 875/1038/529 811/958/529 810/956/529 876/1039/529
f 876/1039/530 810/956/530 809/955/530 877/1040/530
f 877/1040/531 809/955/531 806/951/531 873/1036/531
f 799/941/522 915/1078/522 919/1082/522 802/945/522
f 802/945/542 919/1082/542 918/1081/542 803/946/542
f 803/946/524 918/1081/524 917/1080/524 804/948/524
f 804/948/543 917/1080/543 916/1079/543 805/950/543
f 805/950/526 916/1079/526 914/1077/526 800/943/526
f 840/997/532 897/1060/532 901/1064/532 843/1001/532
f 843/1001/533 901/1064/533 900/1063/533 844/1002/533
f 844/1002/534 900/1063/534 899/1062/534 845/1004/534
f 845/1004/535 899/1062/535 898/1061/535 846/1006/535
f 846/1006/536 898/1061/536 896/1059/536 841/999/536
f 813/961/532 879/1042/532 883/1046/532 816/965/532
f 816/965/533 883/1046/533 882/1045/533 817/966/533
f 817/966/534 882/1045/534 881/1044/534 818/968/534
f 818/968/535 881/1044/535 880/1043/535 819/970/535
f 819/970/536 880/1043/536 878/1041/536 814/963/536
f 920/1083/537 821/973/537 826/980/537 922/1085/537
f 922/1085/538 826/980/538 825/978/538 923/1086/538
f 923/1086/539 825/978/539 824/976/539 924/1087/539
f 924/1087/540 824/976/540 823/975/540 925/1088/540
f 925/1088/541 823/975/541 820/971/541 921/1084/541
f 946/1111/1 948/1113/1 1594/1862/1 1584/1848/1
f 1021/1196/2 1023/1198/2 1122/1308/2 1062/1238/2
f 1022/1197/360 1032/1207/360 1031/1206/360 1030/1205/360 1029/1204/360 1028/1203/360 1027/1202/360 1026/1201/360 1025/1200/360 1024/1199/360 1023/1198/360 1021/1196/360 938/1101/360 941/1104/360 996/1162/360 997/1163/360 940/1103/360
f 1044/1219/360 1063/1240/360 1019/1194/360 937/1100/360 932/1095/360
f 1583/1846/4 1595/1864/4 1605/1878/4 1573/1832/4
f 1042/1217/360 1041/1216/360 1040/1215/360 1039/1214/360 1038/1213/360 1037/1212/360 1036/1211/360 1035/1210/360 1034/1209/360 942/1106/360 1008/1179/360 1006/1176/360 943/1107/360 939/1102/360 1033/1208/360 1043/1218/360
f 961/1126/360 960/1125/360 959/1124/360 958/1123/360 957/1122/360 956/1121/360 955/1120/360 953/1118/360 984/1149/360 992/1157/360 991/1156/360 990/1155/360 989/1154/360 988/1153/360 987/1152/360 986/1151/360 985/1150/360 983/1148/360 974/1139/360 982/1147/360 981/1146/360 980/1145/360 979/1144/360 978/1143/360 977/1142/360 976/1141/360 975/1140/360 973/1138/360 964/1129/360 972/1137/360 971/1136/360 970/1135/360 969/1134/360 968/1133/360 967/1132/360 966/1131/360 965/1130/360 963/1128/360 954/1119/360 962/1127/360
f 1505/1763/11 1481/1739/11 1417/1663/11 1420/1667/11
f 1585/1849/360 945/1110/360 933/1096/360 946/1111/360 1584/1848/360
f 952/1117/12 1572/1830/12 1606/1880/12 947/1112/12 951/1116/12
f 1607/1881/360 1605/1878/360 1595/1864/360 1596/1865/360 1419/1666/360 1417/1663/360 1409/1652/360 1410/1653/360
f 1408/1650/13 1411/1654/13 1473/1731/13 1449/1707/13
f 1415/1660/14 1416/1662/14 1453/1711/14 1457/1715/14
f 1426/1676/15 1429/1680/15 1537/1795/15 1513/1771/15
f 1426/1676/360 1418/1665/360 1419/1666/360 1596/1865/360 1594/1862/360 948/1113/360 1428/1679/360
f 1606/1880/360 1607/1881/360 1410/1653/360 1408/1650/360 1436/1691/360 1437/1692/360 947/1112/360
f 1437/1692/360 1435/1689/360 1427/1678/360 1428/1679/360 948/1113/360 947/1112/360
f 941/1105/16 27/29/16 28/31/16 943/1108/16
f 1129/1317/1 1033/1208/1 939/1102/1 1050/1225/1
f 948/1113/17 32/36/17 31/35/17 947/1112/17
f 945/1110/8 30/34/8 20/22/8 933/1096/8
f 951/1116/17 31/35/17 18/20/17 950/1115/17
f 934/1097/8 21/23/8 23/25/8 936/1099/8
f 1051/1226/16 145/159/16 22/24/16 935/1098/16
f 937/1100/1 24/26/1 19/21/1 932/1095/1
f 938/1101/16 25/27/16 27/30/16 941/1104/16
f 933/1096/17 20/22/17 32/36/17 946/1111/17
f 944/1109/1 29/33/1 24/26/1 937/1100/1
f 943/1107/16 28/32/16 26/28/16 939/1102/16
f 949/1114/1 950/1115/1 18/20/1 29/33/1 944/1109/1
f 936/1099/8 23/25/8 30/34/8 945/1110/8
f 1045/1220/8 938/1101/8 1021/1196/8 1062/1238/8
f 935/1098/18 22/24/18 21/23/18 934/1097/18
f 1128/1316/360 1051/1226/360 935/1098/360 934/1097/360 936/1099/360 1020/1195/360
f 1585/1849/360 1583/1846/360 1573/1832/360 1574/1833/360 944/1109/360 937/1100/360 1019/1194/360 1056/1232/360 1135/1324/360 1020/1195/360 936/1099/360 945/1110/360
f 1616/1894/16 755/888/16 762/895/16 1626/1909/16
f 1625/1907/19 763/896/19 770/903/19 1635/1922/19
f 1644/1935/360 1645/1936/360 949/1114/360 952/1117/360 1636/1923/360 1634/1920/360
f 1634/1920/17 771/904/17 746/879/17 1644/1935/17
f 1626/1909/360 1627/1910/360 951/1116/360 950/1115/360 1618/1897/360 1616/1894/360
f 1635/1922/360 1636/1923/360 952/1117/360 951/1116/360 1627/1910/360 1625/1907/360
f 1645/1936/360 1643/1933/360 1617/1896/360 1618/1897/360 950/1115/360 949/1114/360
f 1326/1551/16 1324/1547/16 1321/1541/16 1323/1545/16 1322/1543/16 1320/1539/16 941/1105/16 943/1108/16 1325/1549/16 1327/1553/16
f 995/1160/360 997/1163/360 998/1164/360
f 998/1164/360 997/1163/360 999/1165/360
f 999/1165/360 997/1163/360 1000/1166/360
f 1000/1166/360 997/1163/360 1001/1167/360
f 1001/1167/360 997/1163/360 1002/1168/360
f 1002/1168/360 997/1163/360 1003/1170/360
f 1003/1170/360 997/1163/360 1004/1172/360
f 1004/1172/360 997/1163/360 1005/1174/360
f 1005/1174/360 997/1163/360 996/1161/360
f 1006/1176/360 1008/1179/360 1009/1180/360
f 1009/1180/360 1008/1179/360 1010/1181/360
f 1010/1181/360 1008/1179/360 1011/1182/360
f 1011/1182/360 1008/1179/360 1012/1183/360
f 1012/1183/360 1008/1179/360 1013/1184/360
f 1013/1184/360 1008/1179/360 1014/1186/360
f 1014/1186/360 1008/1179/360 1015/1188/360
f 1015/1188/360 1008/1179/360 1016/1190/360
f 1016/1190/360 1008/1179/360 1007/1177/360
f 1007/1178/360 1008/1179/360 942/1106/360 940/1103/360 997/1163/360 995/1160/360
f 1032/1207/544 1022/1197/544 1057/1233/544 1068/1248/544
f 1030/1205/545 1031/1206/545 1074/1254/545 1080/1260/545
f 1029/1204/546 1030/1205/546 1080/1260/546 1086/1266/546
f 1028/1203/547 1029/1204/547 1086/1266/547 1092/1272/547
f 1027/1202/548 1028/1203/548 1092/1272/548 1098/1280/548
f 1026/1201/549 1027/1202/549 1098/1280/549 1104/1287/549
f 1025/1200/550 1026/1201/550 1104/1287/550 1110/1294/550
f 1024/1199/551 1025/1200/551 1110/1294/551 1116/1301/551
f 1023/1198/552 1024/1199/552 1116/1301/552 1122/1308/552
f 1128/1316/360 1020/1195/360 1141/1334/360
f 1031/1206/553 1032/1207/553 1068/1248/553 1074/1254/553
f 1043/1218/554 1033/1208/554 1129/1317/554 1140/1333/554
f 1041/1216/555 1042/1217/555 1146/1339/555 1152/1345/555
f 1040/1215/556 1041/1216/556 1152/1345/556 1158/1351/556
f 1039/1214/557 1040/1215/557 1158/1351/557 1164/1357/557
f 1038/1213/558 1039/1214/558 1164/1357/558 1170/1364/558
f 1037/1212/559 1038/1213/559 1170/1364/559 1176/1373/559
f 1036/1211/560 1037/1212/560 1176/1373/560 1182/1382/560
f 1035/1210/561 1036/1211/561 1182/1382/561 1188/1391/561
f 1034/1209/562 1035/1210/562 1188/1391/562 1194/1400/562
f 1042/1217/563 1043/1218/563 1140/1333/563 1146/1339/563
f 1195/1401/360 1020/1195/360 1135/1323/360
f 1189/1392/360 1020/1195/360 1195/1401/360
f 1183/1383/360 1020/1195/360 1189/1392/360
f 1177/1374/360 1020/1195/360 1183/1383/360
f 1171/1365/360 1020/1195/360 1177/1374/360
f 1165/1358/360 1020/1195/360 1171/1365/360
f 1159/1352/360 1020/1195/360 1165/1358/360
f 1153/1346/360 1020/1195/360 1159/1352/360
f 1147/1340/360 1020/1195/360 1153/1346/360
f 1141/1334/360 1020/1195/360 1147/1340/360
f 942/1106/564 1034/1209/564 1194/1400/564 1134/1322/564
f 1123/1309/360 1019/1194/360 1063/1239/360
f 1117/1302/360 1019/1194/360 1123/1309/360
f 1111/1295/360 1019/1194/360 1117/1302/360
f 1105/1288/360 1019/1194/360 1111/1295/360
f 1099/1281/360 1019/1194/360 1105/1288/360
f 1093/1273/360 1019/1194/360 1099/1281/360
f 1087/1267/360 1019/1194/360 1093/1273/360
f 1081/1261/360 1019/1194/360 1087/1267/360
f 1075/1255/360 1019/1194/360 1081/1261/360
f 1069/1249/360 1019/1194/360 1075/1255/360
f 1134/1322/565 1057/1233/565 1022/1197/565 940/1103/565 942/1106/565
f 1056/1231/360 1019/1194/360 1069/1249/360
f 26/28/16 146/160/16 1052/1227/16 1050/1225/16
f 146/160/16 147/161/16 1053/1228/16 1052/1227/16
f 147/161/16 148/162/16 1054/1229/16 1053/1228/16
f 148/162/16 149/163/16 1055/1230/16 1054/1229/16
f 149/163/16 145/159/16 1051/1226/16 1055/1230/16
f 140/154/16 141/155/16 1046/1221/16 1044/1219/16
f 141/155/16 142/156/16 1047/1222/16 1046/1221/16
f 142/156/16 143/157/16 1048/1223/16 1047/1222/16
f 143/157/16 144/158/16 1049/1224/16 1048/1223/16
f 144/158/16 25/27/16 1045/1220/16 1049/1224/16
f 1057/1233/566 1061/1237/566 1070/1250/566 1068/1248/566
f 1061/1237/567 1060/1236/567 1071/1251/567 1070/1250/567
f 1060/1236/568 1059/1235/568 1072/1252/568 1071/1251/568
f 1059/1235/569 1058/1234/569 1073/1253/569 1072/1252/569
f 1058/1234/570 1056/1231/570 1069/1249/570 1073/1253/570
f 1068/1248/571 1070/1250/571 1076/1256/571 1074/1254/571
f 1070/1250/572 1071/1251/572 1077/1257/572 1076/1256/572
f 1071/1251/573 1072/1252/573 1078/1258/573 1077/1257/573
f 1072/1252/574 1073/1253/574 1079/1259/574 1078/1258/574
f 1073/1253/575 1069/1249/575 1075/1255/575 1079/1259/575
f 1074/1254/576 1076/1256/576 1082/1262/576 1080/1260/576
f 1076/1256/577 1077/1257/577 1083/1263/577 1082/1262/577
f 1077/1257/578 1078/1258/578 1084/1264/578 1083/1263/578
f 1078/1258/579 1079/1259/579 1085/1265/579 1084/1264/579
f 1079/1259/580 1075/1255/580 1081/1261/580 1085/1265/580
f 1080/1260/581 1082/1262/581 1088/1268/581 1086/1266/581
f 1082/1262/582 1083/1263/582 1089/1269/582 1088/1268/582
f 1083/1263/583 1084/1264/583 1090/1270/583 1089/1269/583
f 1084/1264/584 1085/1265/584 1091/1271/584 1090/1270/584
f 1085/1265/585 1081/1261/585 1087/1267/585 1091/1271/585
f 1086/1266/586 1088/1268/586 1094/1274/586 1092/1272/586
f 1088/1268/587 1089/1269/587 1095/1277/587 1094/1274/587
f 1089/1269/588 1090/1270/588 1096/1278/588 1095/1277/588
f 1090/1270/589 1091/1271/589 1097/1279/589 1096/1278/589
f 1091/1271/590 1087/1267/590 1093/1273/590 1097/1279/590
f 1092/1272/591 1094/1275/591 1100/1282/591 1098/1280/591
f 1094/1275/592 1095/1276/592 1101/1283/592 1100/1282/592
f 1095/1277/593 1096/1278/593 1102/1285/593 1101/1284/593
f 1096/1278/594 1097/1279/594 1103/1286/594 1102/1285/594
f 1097/1279/595 1093/1273/595 1099/1281/595 1103/1286/595
f 1098/1280/596 1100/1282/596 1106/1289/596 1104/1287/596
f 1100/1282/597 1101/1283/597 1107/1290/597 1106/1289/597
f 1101/1284/598 1102/1285/598 1108/1292/598 1107/1291/598
f 1102/1285/599 1103/1286/599 1109/1293/599 1108/1292/599
f 1103/1286/600 1099/1281/600 1105/1288/600 1109/1293/600
f 1104/1287/601 1106/1289/601 1112/1296/601 1110/1294/601
f 1106/1289/602 1107/1290/602 1113/1297/602 1112/1296/602
f 1107/1291/603 1108/1292/603 1114/1299/603 1113/1298/603
f 1108/1292/604 1109/1293/604 1115/1300/604 1114/1299/604
f 1109/1293/605 1105/1288/605 1111/1295/605 1115/1300/605
f 1110/1294/606 1112/1296/606 1118/1303/606 1116/1301/606
f 1112/1296/607 1113/1297/607 1119/1304/607 1118/1303/607
f 1113/1298/608 1114/1299/608 1120/1306/608 1119/1305/608
f 1114/1299/609 1115/1300/609 1121/1307/609 1120/1306/609
f 1115/1300/610 1111/1295/610 1117/1302/610 1121/1307/610
f 1116/1301/611 1118/1303/611 1124/1310/611 1122/1308/611
f 1118/1303/612 1119/1304/612 1125/1311/612 1124/1310/612
f 1119/1305/613 1120/1306/613 1126/1314/613 1125/1313/613
f 1120/1306/614 1121/1307/614 1127/1315/614 1126/1314/614
f 1121/1307/615 1117/1302/615 1123/1309/615 1127/1315/615
f 1122/1308/616 1124/1310/616 1064/1241/616 1062/1238/616
f 1124/1310/617 1125/1312/617 1065/1243/617 1064/1241/617
f 1125/1313/618 1126/1314/618 1066/1244/618 1065/1242/618
f 1126/1314/619 1127/1315/619 1067/1246/619 1066/1244/619
f 1127/1315/620 1123/1309/620 1063/1239/620 1067/1246/620
f 1129/1317/621 1133/1321/621 1142/1335/621 1140/1333/621
f 1133/1321/622 1132/1320/622 1143/1336/622 1142/1335/622
f 1132/1320/623 1131/1319/623 1144/1337/623 1143/1336/623
f 1131/1319/624 1130/1318/624 1145/1338/624 1144/1337/624
f 1130/1318/625 1128/1316/625 1141/1334/625 1145/1338/625
f 1140/1333/626 1142/1335/626 1148/1341/626 1146/1339/626
f 1142/1335/627 1143/1336/627 1149/1342/627 1148/1341/627
f 1143/1336/628 1144/1337/628 1150/1343/628 1149/1342/628
f 1144/1337/629 1145/1338/629 1151/1344/629 1150/1343/629
f 1145/1338/630 1141/1334/630 1147/1340/630 1151/1344/630
f 1146/1339/631 1148/1341/631 1154/1347/631 1152/1345/631
f 1148/1341/632 1149/1342/632 1155/1348/632 1154/1347/632
f 1149/1342/633 1150/1343/633 1156/1349/633 1155/1348/633
f 1150/1343/634 1151/1344/634 1157/1350/634 1156/1349/634
f 1151/1344/635 1147/1340/635 1153/1346/635 1157/1350/635
f 1152/1345/636 1154/1347/636 1160/1353/636 1158/1351/636
f 1154/1347/637 1155/1348/637 1161/1354/637 1160/1353/637
f 1155/1348/638 1156/1349/638 1162/1355/638 1161/1354/638
f 1156/1349/639 1157/1350/639 1163/1356/639 1162/1355/639
f 1157/1350/640 1153/1346/640 1159/1352/640 1163/1356/640
f 1158/1351/641 1160/1353/641 1166/1359/641 1164/1357/641
f 1160/1353/642 1161/1354/642 1167/1360/642 1166/1359/642
f 1161/1354/643 1162/1355/643 1168/1362/643 1167/1360/643
f 1162/1355/644 1163/1356/644 1169/1363/644 1168/1362/644
f 1163/1356/645 1159/1352/645 1165/1358/645 1169/1363/645
f 1164/1357/646 1166/1359/646 1172/1366/646 1170/1364/646
f 1166/1359/647 1167/1361/647 1173/1367/647 1172/1366/647
f 1167/1361/648 1168/1362/648 1174/1371/648 1173/1368/648
f 1168/1362/649 1169/1363/649 1175/1372/649 1174/1371/649
f 1169/1363/650 1165/1358/650 1171/1365/650 1175/1372/650
f 1170/1364/651 1172/1366/651 1178/1375/651 1176/1373/651
f 1172/1366/652 1173/1369/652 1179/1376/652 1178/1375/652
f 1173/1370/653 1174/1371/653 1180/1380/653 1179/1377/653
f 1174/1371/654 1175/1372/654 1181/1381/654 1180/1380/654
f 1175/1372/655 1171/1365/655 1177/1374/655 1181/1381/655
f 1176/1373/656 1178/1375/656 1184/1384/656 1182/1382/656
f 1178/1375/657 1179/1378/657 1185/1385/657 1184/1384/657
f 1179/1379/658 1180/1380/658 1186/1389/658 1185/1386/658
f 1180/1380/659 1181/1381/659 1187/1390/659 1186/1389/659
f 1181/1381/660 1177/1374/660 1183/1383/660 1187/1390/660
f 1182/1382/661 1184/1384/661 1190/1393/661 1188/1391/661
f 1184/1384/662 1185/1387/662 1191/1394/662 1190/1393/662
f 1185/1388/663 1186/1389/663 1192/1398/663 1191/1395/663
f 1186/1389/664 1187/1390/664 1193/1399/664 1192/1398/664
f 1187/1390/665 1183/1383/665 1189/1392/665 1193/1399/665
f 1188/1391/666 1190/1393/666 1196/1402/666 1194/1400/666
f 1190/1393/667 1191/1396/667 1197/1403/667 1196/1402/667
f 1191/1397/668 1192/1398/668 1198/1407/668 1197/1404/668
f 1192/1398/669 1193/1399/669 1199/1408/669 1198/1407/669
f 1193/1399/670 1189/1392/670 1195/1401/670 1199/1408/670
f 1194/1400/671 1196/1402/671 1136/1325/671 1134/1322/671
f 1196/1402/672 1197/1405/672 1137/1326/672 1136/1325/672
f 1197/1406/673 1198/1407/673 1138/1329/673 1137/1327/673
f 1198/1407/674 1199/1408/674 1139/1331/674 1138/1329/674
f 1199/1408/675 1195/1401/675 1135/1323/675 1139/1331/675
f 1134/1322/676 1136/1325/676 1061/1237/676 1057/1233/676
f 1136/1325/677 1137/1328/677 1060/1236/677 1061/1237/677
f 1137/1328/678 1138/1330/678 1059/1235/678 1060/1236/678
f 1138/1330/679 1139/1332/679 1058/1234/679 1059/1235/679
f 1139/1332/680 1135/1324/680 1056/1232/680 1058/1234/680
f 1062/1238/681 1064/1241/681 1049/1224/681 1045/1220/681
f 1064/1241/682 1065/1243/682 1048/1223/682 1049/1224/682
f 1065/1243/683 1066/1245/683 1047/1222/683 1048/1223/683
f 1066/1245/684 1067/1247/684 1046/1221/684 1047/1222/684
f 1067/1247/685 1063/1240/685 1044/1219/685 1046/1221/685
f 1050/1225/686 1052/1227/686 1133/1321/686 1129/1317/686
f 1052/1227/687 1053/1228/687 1132/1320/687 1133/1321/687
f 1053/1228/688 1054/1229/688 1131/1319/688 1132/1320/688
f 1054/1229/689 1055/1230/689 1130/1318/689 1131/1319/689
f 1055/1230/690 1051/1226/690 1128/1316/690 1130/1318/690
f 932/1095/16 19/21/16 140/154/16 1044/1219/16
f 1232/1441/692 1230/1439/692 1237/1449/692 1238/1450/692
f 1200/1409/727 1208/1417/727 1202/1411/727
f 1206/1415/728 1208/1417/728 1200/1409/728
f 1293/1512/746 1295/1514/746 1319/1538/746 1317/1536/746
f 1295/1514/747 1294/1513/747 1319/1538/747
f 1232/1441/770 1231/1440/770 1263/1477/770 1265/1482/770
f 1234/1444/836 1206/1415/836 1200/1409/836
f 1234/1444/3 1209/1418/3 1206/1415/3
f 1408/1650/360 1410/1653/360 1411/1654/360
f 1411/1654/360 1410/1653/360 1412/1655/360
f 1412/1655/360 1410/1653/360 1413/1656/360
f 1413/1656/360 1410/1653/360 1414/1657/360
f 1414/1657/360 1410/1653/360 1415/1659/360
f 1415/1659/360 1410/1653/360 1416/1661/360
f 1416/1661/360 1410/1653/360 1409/1651/360
f 1417/1663/360 1419/1666/360 1420/1667/360
f 1420/1667/360 1419/1666/360 1421/1668/360
f 1421/1668/360 1419/1666/360 1422/1669/360
f 1422/1669/360 1419/1666/360 1423/1670/360
f 1423/1670/360 1419/1666/360 1424/1672/360
f 1424/1672/360 1419/1666/360 1425/1674/360
f 1425/1674/360 1419/1666/360 1418/1664/360
f 1426/1676/360 1428/1679/360 1429/1680/360
f 1429/1680/360 1428/1679/360 1430/1681/360
f 1430/1681/360 1428/1679/360 1431/1682/360
f 1431/1682/360 1428/1679/360 1432/1683/360
f 1432/1683/360 1428/1679/360 1433/1685/360
f 1433/1685/360 1428/1679/360 1434/1687/360
f 1434/1687/360 1428/1679/360 1427/1677/360
f 1435/1689/360 1437/1692/360 1438/1693/360
f 1438/1693/360 1437/1692/360 1439/1694/360
f 1439/1694/360 1437/1692/360 1440/1695/360
f 1440/1695/360 1437/1692/360 1441/1696/360
f 1441/1696/360 1437/1692/360 1442/1698/360
f 1442/1698/360 1437/1692/360 1443/1700/360
f 1443/1700/360 1437/1692/360 1436/1690/360
f 1433/1686/362 1434/1688/362 1517/1775/362 1521/1779/362
f 1541/1799/363 1549/1807/363 1443/1701/363 1436/1691/363
f 1429/1680/364 1430/1681/364 1533/1791/364 1537/1795/364
f 1430/1681/365 1431/1682/365 1529/1787/365 1533/1791/365
f 1431/1682/366 1432/1684/366 1525/1783/366 1529/1787/366
f 1432/1684/367 1433/1686/367 1521/1779/367 1525/1783/367
f 1435/1689/17 1545/1803/17 1509/1767/17 1427/1678/17
f 1569/1827/368 1545/1803/368 1435/1689/368 1438/1693/368
f 1553/1811/369 1557/1815/369 1441/1697/369 1442/1699/369
f 1557/1815/370 1561/1819/370 1440/1695/370 1441/1697/370
f 1561/1819/371 1565/1823/371 1439/1694/371 1440/1695/371
f 1565/1823/372 1569/1827/372 1438/1693/372 1439/1694/372
f 1549/1807/373 1553/1811/373 1442/1699/373 1443/1701/373
f 1408/1650/374 1449/1707/374 1541/1799/374 1436/1691/374
f 1477/1735/375 1485/1743/375 1425/1675/375 1418/1665/375
f 1411/1654/376 1412/1655/376 1469/1727/376 1473/1731/376
f 1412/1655/377 1413/1656/377 1465/1723/377 1469/1727/377
f 1413/1656/378 1414/1658/378 1461/1719/378 1465/1723/378
f 1414/1658/379 1415/1660/379 1457/1715/379 1461/1719/379
f 1417/1663/16 1481/1739/16 1445/1703/16 1409/1652/16
f 1426/1676/380 1513/1771/380 1477/1735/380 1418/1665/380
f 1489/1747/381 1493/1751/381 1423/1671/381 1424/1673/381
f 1493/1751/382 1497/1755/382 1422/1669/382 1423/1671/382
f 1497/1755/383 1501/1759/383 1421/1668/383 1422/1669/383
f 1501/1759/384 1505/1763/384 1420/1667/384 1421/1668/384
f 1434/1688/385 1427/1678/385 1509/1767/385 1517/1775/385
f 1485/1743/386 1489/1747/386 1424/1673/386 1425/1675/386
f 1652/1946/387 1735/2059/387 1740/2064/387 1660/1958/387
f 1694/2006/17 1795/2119/17 1752/2076/17 1688/1998/17
f 1673/1976/388 1789/2113/388 1782/2106/388 1667/1968/388
f 1666/1966/17 1783/2107/17 1734/2058/17 1653/1948/17
f 1512/1770/837 1514/1772/837 1538/1796/837 1536/1794/837
f 1514/1772/838 1515/1773/838 1539/1797/838 1538/1796/838
f 1515/1773/839 1513/1771/839 1537/1795/839 1539/1797/839
f 1536/1794/840 1538/1796/840 1534/1792/840 1532/1790/840
f 1538/1796/841 1539/1797/841 1535/1793/841 1534/1792/841
f 1539/1797/842 1537/1795/842 1533/1791/842 1535/1793/842
f 1532/1790/843 1534/1792/843 1530/1788/843 1528/1786/843
f 1534/1792/844 1535/1793/844 1531/1789/844 1530/1788/844
f 1535/1793/845 1533/1791/845 1529/1787/845 1531/1789/845
f 1530/1788/847 1531/1789/847 1527/1785/847 1526/1784/847
f 1531/1789/848 1529/1787/848 1525/1783/848 1527/1785/848
f 1524/1782/849 1526/1784/849 1522/1780/849 1520/1778/849
f 1526/1784/850 1527/1785/850 1523/1781/850 1522/1780/850
f 1527/1785/851 1525/1783/851 1521/1779/851 1523/1781/851
f 1520/1778/852 1522/1780/852 1518/1776/852 1516/1774/852
f 1522/1780/853 1523/1781/853 1519/1777/853 1518/1776/853
f 1523/1781/854 1521/1779/854 1517/1775/854 1519/1777/854
f 1516/1774/855 1518/1776/855 1510/1768/855 1508/1766/855
f 1518/1776/856 1519/1777/856 1511/1769/856 1510/1768/856
f 1519/1777/857 1517/1775/857 1509/1767/857 1511/1769/857
f 1548/1806/858 1550/1808/858 1542/1800/858 1540/1798/858
f 1550/1808/859 1551/1809/859 1543/1801/859 1542/1800/859
f 1551/1809/860 1549/1807/860 1541/1799/860 1543/1801/860
f 1552/1810/861 1554/1812/861 1550/1808/861 1548/1806/861
f 1554/1812/862 1555/1813/862 1551/1809/862 1550/1808/862
f 1555/1813/863 1553/1811/863 1549/1807/863 1551/1809/863
f 1556/1814/864 1558/1816/864 1554/1812/864 1552/1810/864
f 1558/1816/865 1559/1817/865 1555/1813/865 1554/1812/865
f 1559/1817/866 1557/1815/866 1553/1811/866 1555/1813/866
f 1562/1820/868 1563/1821/868 1559/1817/868 1558/1816/868
f 1563/1821/869 1561/1819/869 1557/1815/869 1559/1817/869
f 1564/1822/870 1566/1824/870 1562/1820/870 1560/1818/870
f 1566/1824/871 1567/1825/871 1563/1821/871 1562/1820/871
f 1567/1825/872 1565/1823/872 1561/1819/872 1563/1821/872
f 1568/1826/873 1570/1828/873 1566/1824/873 1564/1822/873
f 1570/1828/874 1571/1829/874 1567/1825/874 1566/1824/874
f 1571/1829/875 1569/1827/875 1565/1823/875 1567/1825/875
f 1544/1802/876 1546/1804/876 1570/1828/876 1568/1826/876
f 1546/1804/877 1547/1805/877 1571/1829/877 1570/1828/877
f 1547/1805/878 1545/1803/878 1569/1827/878 1571/1829/878
f 1448/1706/879 1450/1708/879 1474/1732/879 1472/1730/879
f 1450/1708/880 1451/1709/880 1475/1733/880 1474/1732/880
f 1451/1709/881 1449/1707/881 1473/1731/881 1475/1733/881
f 1472/1730/882 1474/1732/882 1470/1728/882 1468/1726/882
f 1474/1732/883 1475/1733/883 1471/1729/883 1470/1728/883
f 1475/1733/884 1473/1731/884 1469/1727/884 1471/1729/884
f 1468/1726/885 1470/1728/885 1466/1724/885 1464/1722/885
f 1470/1728/886 1471/1729/886 1467/1725/886 1466/1724/886
f 1471/1729/887 1469/1727/887 1465/1723/887 1467/1725/887
f 1464/1722/888 1466/1724/888 1462/1720/888 1460/1718/888
f 1466/1724/889 1467/1725/889 1463/1721/889 1462/1720/889
f 1467/1725/890 1465/1723/890 1461/1719/890 1463/1721/890
f 1460/1718/891 1462/1720/891 1458/1716/891 1456/1714/891
f 1462/1720/892 1463/1721/892 1459/1717/892 1458/1716/892
f 1463/1721/893 1461/1719/893 1457/1715/893 1459/1717/893
f 1456/1714/894 1458/1716/894 1454/1712/894 1452/1710/894
f 1458/1716/895 1459/1717/895 1455/1713/895 1454/1712/895
f 1459/1717/896 1457/1715/896 1453/1711/896 1455/1713/896
f 1452/1710/897 1454/1712/897 1446/1704/897 1444/1702/897
f 1454/1712/898 1455/1713/898 1447/1705/898 1446/1704/898
f 1455/1713/899 1453/1711/899 1445/1703/899 1447/1705/899
f 1484/1742/900 1486/1744/900 1478/1736/900 1476/1734/900
f 1486/1744/901 1487/1745/901 1479/1737/901 1478/1736/901
f 1487/1745/902 1485/1743/902 1477/1735/902 1479/1737/902
f 1488/1746/903 1490/1748/903 1486/1744/903 1484/1742/903
f 1490/1748/904 1491/1749/904 1487/1745/904 1486/1744/904
f 1491/1749/905 1489/1747/905 1485/1743/905 1487/1745/905
f 1492/1750/906 1494/1752/906 1490/1748/906 1488/1746/906
f 1494/1752/907 1495/1753/907 1491/1749/907 1490/1748/907
f 1495/1753/908 1493/1751/908 1489/1747/908 1491/1749/908
f 1496/1754/909 1498/1756/909 1494/1752/909 1492/1750/909
f 1498/1756/910 1499/1757/910 1495/1753/910 1494/1752/910
f 1499/1757/911 1497/1755/911 1493/1751/911 1495/1753/911
f 1500/1758/912 1502/1760/912 1498/1756/912 1496/1754/912
f 1502/1760/913 1503/1761/913 1499/1757/913 1498/1756/913
f 1503/1761/914 1501/1759/914 1497/1755/914 1499/1757/914
f 1504/1762/915 1506/1764/915 1502/1760/915 1500/1758/915
f 1506/1764/916 1507/1765/916 1503/1761/916 1502/1760/916
f 1507/1765/917 1505/1763/917 1501/1759/917 1503/1761/917
f 1480/1738/918 1482/1740/918 1506/1764/918 1504/1762/918
f 1482/1740/919 1483/1741/919 1507/1765/919 1506/1764/919
f 1483/1741/920 1481/1739/920 1505/1763/920 1507/1765/920
f 1444/1702/921 1446/1704/921 1482/1740/921 1480/1738/921
f 1446/1704/922 1447/1705/922 1483/1741/922 1482/1740/922
f 1447/1705/923 1445/1703/923 1481/1739/923 1483/1741/923
f 1540/1798/924 1542/1800/924 1450/1708/924 1448/1706/924
f 1542/1800/925 1543/1801/925 1451/1709/925 1450/1708/925
f 1543/1801/926 1541/1799/926 1449/1707/926 1451/1709/926
f 1476/1734/927 1478/1736/927 1514/1772/927 1512/1770/927
f 1478/1736/928 1479/1737/928 1515/1773/928 1514/1772/928
f 1479/1737/929 1477/1735/929 1513/1771/929 1515/1773/929
f 1508/1766/930 1510/1768/930 1546/1804/930 1544/1802/930
f 1510/1768/931 1511/1769/931 1547/1805/931 1546/1804/931
f 1511/1769/932 1509/1767/932 1545/1803/932 1547/1805/932
f 1416/1662/485 1409/1652/485 1445/1703/485 1453/1711/485
f 1572/1830/360 1574/1833/360 1575/1834/360
f 1575/1834/360 1574/1833/360 1576/1835/360
f 1576/1835/360 1574/1833/360 1577/1836/360
f 1577/1836/360 1574/1833/360 1578/1837/360
f 1578/1837/360 1574/1833/360 1579/1838/360
f 1579/1838/360 1574/1833/360 1580/1840/360
f 1580/1840/360 1574/1833/360 1581/1842/360
f 1581/1842/360 1574/1833/360 1582/1844/360
f 1582/1844/360 1574/1833/360 1573/1831/360
f 1583/1846/360 1585/1849/360 1586/1850/360
f 1586/1850/360 1585/1849/360 1587/1851/360
f 1587/1851/360 1585/1849/360 1588/1852/360
f 1588/1852/360 1585/1849/360 1589/1853/360
f 1589/1853/360 1585/1849/360 1590/1854/360
f 1590/1854/360 1585/1849/360 1591/1856/360
f 1591/1856/360 1585/1849/360 1592/1858/360
f 1592/1858/360 1585/1849/360 1593/1860/360
f 1593/1860/360 1585/1849/360 1584/1847/360
f 1594/1862/360 1596/1865/360 1597/1866/360
f 1597/1866/360 1596/1865/360 1598/1867/360
f 1598/1867/360 1596/1865/360 1599/1868/360
f 1599/1868/3 1596/1865/3 1600/1869/3
f 1600/1869/3 1596/1865/3 1601/1870/3
f 1601/1870/3 1596/1865/3 1602/1872/3
f 1602/1872/3 1596/1865/3 1603/1874/3
f 1603/1874/360 1596/1865/360 1604/1876/360
f 1604/1876/360 1596/1865/360 1595/1863/360
f 1605/1878/360 1607/1881/360 1608/1882/360
f 1608/1882/360 1607/1881/360 1609/1883/360
f 1609/1883/360 1607/1881/360 1610/1884/360
f 1610/1884/3 1607/1881/3 1611/1885/3
f 1611/1885/3 1607/1881/3 1612/1886/3
f 1612/1886/3 1607/1881/3 1613/1888/3
f 1613/1888/360 1607/1881/360 1614/1890/360
f 1614/1890/360 1607/1881/360 1615/1892/360
f 1615/1892/360 1607/1881/360 1606/1879/360
f 1605/1878/486 1608/1882/486 1582/1845/486 1573/1832/486
f 1608/1882/487 1609/1883/487 1581/1843/487 1582/1845/487
f 1609/1883/488 1610/1884/488 1580/1841/488 1581/1843/488
f 1610/1884/489 1611/1885/489 1579/1839/489 1580/1841/489
f 1611/1885/490 1612/1887/490 1578/1837/490 1579/1839/490
f 1612/1887/491 1613/1889/491 1577/1836/491 1578/1837/491
f 1613/1889/492 1614/1891/492 1576/1835/492 1577/1836/492
f 1614/1891/493 1615/1893/493 1575/1834/493 1576/1835/493
f 1615/1893/494 1606/1880/494 1572/1830/494 1575/1834/494
f 1594/1862/50 1597/1866/50 1593/1861/50 1584/1848/50
f 1597/1866/495 1598/1867/495 1592/1859/495 1593/1861/495
f 1598/1867/496 1599/1868/496 1591/1857/496 1592/1859/496
f 1599/1868/497 1600/1869/497 1590/1855/497 1591/1857/497
f 1600/1869/498 1601/1871/498 1589/1853/498 1590/1855/498
f 1601/1871/499 1602/1873/499 1588/1852/499 1589/1853/499
f 1602/1873/500 1603/1875/500 1587/1851/500 1588/1852/500
f 1603/1875/501 1604/1877/501 1586/1850/501 1587/1851/501
f 1604/1877/502 1595/1864/502 1583/1846/502 1586/1850/502
f 1574/1833/360 1572/1830/360 952/1117/360 949/1114/360 944/1109/360
f 1616/1894/360 1618/1897/360 1619/1898/360
f 1619/1898/360 1618/1897/360 1620/1899/360
f 1620/1899/360 1618/1897/360 1621/1900/360
f 1621/1900/360 1618/1897/360 1622/1901/360
f 1622/1901/360 1618/1897/360 1623/1903/360
f 1623/1903/360 1618/1897/360 1624/1905/360
f 1624/1905/360 1618/1897/360 1617/1895/360
f 1625/1907/360 1627/1910/360 1628/1911/360
f 1628/1911/360 1627/1910/360 1629/1912/360
f 1629/1912/360 1627/1910/360 1630/1913/360
f 1630/1913/360 1627/1910/360 1631/1914/360
f 1631/1914/360 1627/1910/360 1632/1916/360
f 1632/1916/360 1627/1910/360 1633/1918/360
f 1633/1918/360 1627/1910/360 1626/1908/360
f 1634/1920/360 1636/1923/360 1637/1924/360
f 1637/1924/360 1636/1923/360 1638/1925/360
f 1638/1925/360 1636/1923/360 1639/1926/360
f 1639/1926/360 1636/1923/360 1640/1927/360
f 1640/1927/360 1636/1923/360 1641/1929/360
f 1641/1929/360 1636/1923/360 1642/1931/360
f 1642/1931/360 1636/1923/360 1635/1921/360
f 1643/1933/360 1645/1936/360 1646/1937/360
f 1646/1937/360 1645/1936/360 1647/1938/360
f 1647/1938/360 1645/1936/360 1648/1939/360
f 1648/1939/360 1645/1936/360 1649/1940/360
f 1649/1940/360 1645/1936/360 1650/1942/360
f 1650/1942/360 1645/1936/360 1651/1944/360
f 1651/1944/360 1645/1936/360 1644/1934/360
f 1643/1933/503 1646/1937/503 753/886/503 747/880/503
f 1646/1937/504 1647/1938/504 752/885/504 753/886/504
f 1647/1938/505 1648/1939/505 751/884/505 752/885/505
f 1648/1939/61 1649/1941/61 750/883/61 751/884/61
f 1649/1941/506 1650/1943/506 749/882/506 750/883/506
f 1650/1943/362 1651/1945/362 748/881/362 749/882/362
f 1651/1945/385 1644/1935/385 746/879/385 748/881/385
f 770/903/507 772/905/507 1642/1932/507 1635/1922/507
f 772/905/508 773/906/508 1641/1930/508 1642/1932/508
f 773/906/509 774/907/509 1640/1928/509 1641/1930/509
f 774/907/54 775/908/54 1639/1926/54 1640/1928/54
f 775/908/510 776/909/510 1638/1925/510 1639/1926/510
f 776/909/511 777/910/511 1637/1924/511 1638/1925/511
f 777/910/512 771/904/512 1634/1920/512 1637/1924/512
f 1625/1907/513 1628/1911/513 769/902/513 763/896/513
f 1628/1911/514 1629/1912/514 768/901/514 769/902/514
f 1629/1912/515 1630/1913/515 767/900/515 768/901/515
f 1630/1913/30 1631/1915/30 766/899/30 767/900/30
f 1631/1915/516 1632/1917/516 765/898/516 766/899/516
f 1632/1917/517 1633/1919/517 764/897/517 765/898/517
f 1633/1919/485 1626/1909/485 762/895/485 764/897/485
f 754/887/518 756/889/518 1624/1906/518 1617/1896/518
f 756/889/519 757/890/519 1623/1904/519 1624/1906/519
f 757/890/520 758/891/520 1622/1902/520 1623/1904/520
f 758/891/18 759/892/18 1621/1900/18 1622/1902/18
f 759/892/521 760/893/521 1620/1899/521 1621/1900/521
f 760/893/384 761/894/384 1619/1898/384 1620/1899/384
f 761/894/11 755/888/11 1616/1894/11 1619/1898/11
f 1643/1933/8 747/880/8 754/887/8 1617/1896/8
f 1721/2042/17 1801/2125/17 1770/2094/17 1715/2034/17
f 1659/1956/16 1741/2065/16 1788/2112/16 1674/1978/16
f 1728/2052/388 1777/2101/388 1800/2124/388 1722/2044/388
f 1708/2026/16 1765/2089/16 1776/2100/16 1729/2053/16
f 1701/2016/388 1759/2083/388 1794/2118/388 1695/2008/388
f 1714/2032/387 1771/2095/387 1764/2088/387 1709/2027/387
f 1687/1996/387 1753/2077/387 1746/2070/387 1681/1988/387
f 1680/1986/16 1747/2071/16 1758/2082/16 1702/2018/16
f 1664/1962/360 1661/1959/360 1665/1964/360
f 1665/1964/360 1661/1959/360 1660/1957/360
f 1666/1966/360 1668/1969/360 1669/1970/360
f 1672/1974/360 1668/1969/360 1667/1967/360
f 1673/1976/360 1675/1979/360 1676/1980/360
f 1685/1992/360 1682/1989/360 1686/1994/360
f 1686/1994/360 1682/1989/360 1681/1987/360
f 1700/2014/360 1696/2009/360 1695/2007/360
f 1701/2016/360 1703/2019/360 1704/2020/360
f 1727/2050/360 1723/2045/360 1722/2043/360
f 1728/2052/522 1730/2054/522 1781/2105/522 1777/2101/522
f 1730/2054/523 1731/2055/523 1780/2104/523 1781/2105/523
f 1731/2055/524 1732/2056/524 1779/2103/524 1780/2104/524
f 1732/2056/525 1733/2057/525 1778/2102/525 1779/2103/525
f 1733/2057/526 1729/2053/526 1776/2100/526 1778/2102/526
f 1764/2088/527 1766/2090/527 1713/2031/527 1709/2027/527
f 1766/2090/528 1767/2091/528 1712/2030/528 1713/2031/528
f 1767/2091/529 1768/2092/529 1711/2029/529 1712/2030/529
f 1768/2092/530 1769/2093/530 1710/2028/530 1711/2029/530
f 1769/2093/531 1765/2089/531 1708/2026/531 1710/2028/531
f 1652/1946/532 1655/1950/532 1739/2063/532 1735/2059/532
f 1655/1950/533 1656/1951/533 1738/2062/533 1739/2063/533
f 1656/1951/534 1657/1953/534 1737/2061/534 1738/2062/534
f 1657/1953/535 1658/1955/535 1736/2060/535 1737/2061/535
f 1658/1955/536 1653/1948/536 1734/2058/536 1736/2060/536
f 1782/2106/537 1784/2108/537 1672/1975/537 1667/1968/537
f 1784/2108/538 1785/2109/538 1671/1973/538 1672/1975/538
f 1785/2109/539 1786/2110/539 1670/1971/539 1671/1973/539
f 1786/2110/540 1787/2111/540 1669/1970/540 1670/1971/540
f 1787/2111/541 1783/2107/541 1666/1966/541 1669/1970/541
f 1721/2042/541 1724/2046/541 1805/2129/541 1801/2125/541
f 1724/2046/540 1725/2047/540 1804/2128/540 1805/2129/540
f 1725/2047/539 1726/2049/539 1803/2127/539 1804/2128/539
f 1726/2049/538 1727/2051/538 1802/2126/538 1803/2127/538
f 1727/2051/537 1722/2044/537 1800/2124/537 1802/2126/537
f 1659/1956/531 1662/1960/531 1745/2069/531 1741/2065/531
f 1662/1960/530 1663/1961/530 1744/2068/530 1745/2069/530
f 1663/1961/529 1664/1963/529 1743/2067/529 1744/2068/529
f 1664/1963/528 1665/1965/528 1742/2066/528 1743/2067/528
f 1665/1965/527 1660/1958/527 1740/2064/527 1742/2066/527
f 1701/2016/522 1704/2020/522 1763/2087/522 1759/2083/522
f 1704/2020/542 1705/2021/542 1762/2086/542 1763/2087/542
f 1705/2021/524 1706/2023/524 1761/2085/524 1762/2086/524
f 1706/2023/543 1707/2025/543 1760/2084/543 1761/2085/543
f 1707/2025/526 1702/2018/526 1758/2082/526 1760/2084/526
f 1746/2070/527 1748/2072/527 1686/1995/527 1681/1988/527
f 1748/2072/528 1749/2073/528 1685/1993/528 1686/1995/528
f 1749/2073/529 1750/2074/529 1684/1991/529 1685/1993/529
f 1750/2074/530 1751/2075/530 1683/1990/530 1684/1991/530
f 1751/2075/531 1747/2071/531 1680/1986/531 1683/1990/531
f 1673/1976/522 1676/1980/522 1793/2117/522 1789/2113/522
f 1676/1980/542 1677/1981/542 1792/2116/542 1793/2117/542
f 1677/1981/524 1678/1983/524 1791/2115/524 1792/2116/524
f 1678/1983/543 1679/1985/543 1790/2114/543 1791/2115/543
f 1679/1985/526 1674/1978/526 1788/2112/526 1790/2114/526
f 1714/2032/532 1717/2036/532 1775/2099/532 1771/2095/532
f 1717/2036/533 1718/2037/533 1774/2098/533 1775/2099/533
f 1718/2037/534 1719/2039/534 1773/2097/534 1774/2098/534
f 1719/2039/535 1720/2041/535 1772/2096/535 1773/2097/535
f 1720/2041/536 1715/2034/536 1770/2094/536 1772/2096/536
f 1687/1996/532 1690/2000/532 1757/2081/532 1753/2077/532
f 1690/2000/533 1691/2001/533 1756/2080/533 1757/2081/533
f 1691/2001/534 1692/2003/534 1755/2079/534 1756/2080/534
f 1692/2003/535 1693/2005/535 1754/2078/535 1755/2079/535
f 1693/2005/536 1688/1998/536 1752/2076/536 1754/2078/536
f 1794/2118/537 1796/2120/537 1700/2015/537 1695/2008/537
f 1796/2120/538 1797/2121/538 1699/2013/538 1700/2015/538
f 1797/2121/539 1798/2122/539 1698/2011/539 1699/2013/539
f 1798/2122/540 1799/2123/540 1697/2010/540 1698/2011/540
f 1799/2123/541 1795/2119/541 1694/2006/541 1697/2010/541
usemtl silver
f 358/412/3 324/372/3 77/81/3 101/115/3 427/494/3 462/535/3 102/116/3 78/82/3
f 381/437/5 59/63/5 57/61/5 357/410/5
f 422/488/3 431/500/3 101/115/3
f 430/499/6 89/98/6 88/96/6 434/503/6
f 301/349/7 46/50/7 45/49/7 304/352/7
f 90/99/8 12/13/8 419/483/8 466/539/8
f 10/10/1 80/85/1 423/489/1 414/473/1
f 47/51/9 327/375/9 351/402/9 49/53/9
f 322/370/10 39/43/10 37/41/10 298/346/10
f 56/60/20 330/381/20 325/373/20 48/52/20
f 54/58/21 336/387/21 333/384/21 55/59/21
f 53/57/22 339/390/22 336/387/22 54/58/22
f 52/56/18 342/393/18 339/390/18 53/57/18
f 51/55/23 345/396/23 342/393/23 52/56/23
f 50/54/24 348/399/24 345/396/24 51/55/24
f 49/53/25 351/402/25 348/399/25 50/54/25
f 354/407/3 361/417/3 78/82/3
f 55/59/26 333/384/26 330/381/26 56/60/26
f 355/408/27 58/62/27 66/70/27 360/416/27
f 363/419/28 65/69/28 64/68/28 366/422/28
f 366/422/29 64/68/29 63/67/29 369/425/29
f 369/425/30 63/67/30 62/66/30 372/428/30
f 372/428/31 62/66/31 61/65/31 375/431/31
f 375/431/32 61/65/32 60/64/32 378/434/32
f 378/434/33 60/64/33 59/63/33 381/437/33
f 76/80/34 391/449/34 385/443/34 68/72/34
f 360/416/35 66/70/35 65/69/35 363/419/35
f 47/51/8 38/42/8 295/343/8 327/375/8
f 304/352/36 45/49/36 44/48/36 307/355/36
f 307/355/37 44/48/37 43/47/37 310/358/37
f 310/358/38 43/47/38 42/46/38 313/361/38
f 313/361/39 42/46/39 41/45/39 316/364/39
f 316/364/40 41/45/40 40/44/40 319/367/40
f 319/367/41 40/44/41 39/43/41 322/370/41
f 324/372/3 331/382/3 77/81/3
f 37/41/42 68/72/42 385/443/42 298/346/42
f 75/79/43 394/452/43 391/449/43 76/80/43
f 69/73/44 412/470/44 409/467/44 70/74/44
f 70/74/45 409/467/45 406/464/45 71/75/45
f 71/75/46 406/464/46 403/461/46 72/76/46
f 72/76/47 403/461/47 400/458/47 73/77/47
f 73/77/48 400/458/48 397/455/48 74/78/48
f 74/78/49 397/455/49 394/452/49 75/79/49
f 67/71/50 388/446/50 412/470/50 69/73/50
f 352/403/3 328/376/3 77/81/3
f 349/400/3 352/403/3 77/81/3
f 346/397/3 349/400/3 77/81/3
f 343/394/3 346/397/3 77/81/3
f 340/391/3 343/394/3 77/81/3
f 337/388/3 340/391/3 77/81/3
f 334/385/3 337/388/3 77/81/3
f 331/382/3 334/385/3 77/81/3
f 57/61/16 48/52/16 325/373/16 357/410/16
f 67/71/1 58/62/1 355/408/1 388/446/1
f 361/417/3 364/420/3 78/82/3
f 364/420/3 367/423/3 78/82/3
f 367/423/3 370/426/3 78/82/3
f 370/426/3 373/429/3 78/82/3
f 373/429/3 376/432/3 78/82/3
f 376/432/3 379/435/3 78/82/3
f 379/435/3 382/438/3 78/82/3
f 382/438/3 358/411/3 78/82/3
f 423/489/51 80/85/51 89/98/51 430/499/51
f 434/503/52 88/96/52 87/94/52 438/507/52
f 438/507/53 87/94/53 86/92/53 442/511/53
f 442/511/54 86/92/54 85/90/54 446/515/54
f 446/515/55 85/90/55 84/89/55 450/519/55
f 450/519/56 84/89/56 83/88/56 454/523/56
f 454/523/57 83/88/57 82/87/57 458/529/57
f 462/535/3 471/547/3 102/116/3
f 79/83/17 91/101/17 463/536/17 426/492/17
f 100/114/58 470/546/58 463/536/58 91/101/58
f 98/110/59 478/554/59 474/550/59 99/112/59
f 97/108/60 482/558/60 478/554/60 98/110/60
f 96/106/61 486/562/61 482/558/61 97/108/61
f 95/105/62 490/566/62 486/562/62 96/106/62
f 94/104/63 494/570/63 490/566/63 95/105/63
f 93/103/64 498/576/64 494/570/64 94/104/64
f 99/112/65 474/550/65 470/546/65 100/114/65
f 499/577/3 467/540/3 102/116/3
f 495/571/3 499/577/3 102/116/3
f 491/567/3 495/571/3 102/116/3
f 487/563/3 491/567/3 102/116/3
f 483/559/3 487/563/3 102/116/3
f 479/555/3 483/559/3 102/116/3
f 475/551/3 479/555/3 102/116/3
f 471/547/3 475/551/3 102/116/3
f 90/99/66 466/539/66 498/576/66 93/103/66
f 458/529/67 82/87/67 79/83/67 426/492/67
f 431/500/3 435/504/3 101/115/3
f 435/504/3 439/508/3 101/115/3
f 439/508/3 443/512/3 101/115/3
f 443/512/3 447/516/3 101/115/3
f 447/516/3 451/520/3 101/115/3
f 451/520/3 455/524/3 101/115/3
f 455/524/3 459/530/3 101/115/3
f 459/530/3 427/493/3 101/115/3
f 325/373/215 330/381/215 332/383/215 326/374/215
f 330/381/217 333/384/217 335/386/217 332/383/217
f 332/383/218 335/386/218 334/385/218 331/382/218
f 333/384/219 336/387/219 338/389/219 335/386/219
f 335/386/220 338/389/220 337/388/220 334/385/220
f 336/387/221 339/390/221 341/392/221 338/389/221
f 338/389/222 341/392/222 340/391/222 337/388/222
f 339/390/223 342/393/223 344/395/223 341/392/223
f 341/392/224 344/395/224 343/394/224 340/391/224
f 342/393/225 345/396/225 347/398/225 344/395/225
f 344/395/226 347/398/226 346/397/226 343/394/226
f 345/396/227 348/399/227 350/401/227 347/398/227
f 347/398/228 350/401/228 349/400/228 346/397/228
f 348/399/229 351/402/229 353/404/229 350/401/229
f 350/401/230 353/404/230 352/403/230 349/400/230
f 351/402/231 327/375/231 329/378/231 353/405/231
f 353/406/232 329/379/232 328/376/232 352/403/232
f 355/408/233 360/416/233 362/418/233 356/409/233
f 356/409/234 362/418/234 361/417/234 354/407/234
f 360/416/235 363/419/235 365/421/235 362/418/235
f 362/418/236 365/421/236 364/420/236 361/417/236
f 363/419/237 366/422/237 368/424/237 365/421/237
f 365/421/238 368/424/238 367/423/238 364/420/238
f 366/422/239 369/425/239 371/427/239 368/424/239
f 368/424/240 371/427/240 370/426/240 367/423/240
f 369/425/241 372/428/241 374/430/241 371/427/241
f 371/427/242 374/430/242 373/429/242 370/426/242
f 372/428/243 375/431/243 377/433/243 374/430/243
f 374/430/244 377/433/244 376/432/244 373/429/244
f 375/431/245 378/434/245 380/436/245 377/433/245
f 377/433/246 380/436/246 379/435/246 376/432/246
f 378/434/247 381/437/247 383/439/247 380/436/247
f 380/436/248 383/439/248 382/438/248 379/435/248
f 381/437/249 357/410/249 359/413/249 383/440/249
f 383/441/250 359/414/250 358/411/250 382/438/250
f 302/350/253 296/344/253 295/343/253 301/349/253
f 303/351/254 300/348/254 302/350/254 305/353/254
f 305/353/255 302/350/255 301/349/255 304/352/255
f 306/354/256 303/351/256 305/353/256 308/356/256
f 308/356/257 305/353/257 304/352/257 307/355/257
f 309/357/258 306/354/258 308/356/258 311/359/258
f 311/359/259 308/356/259 307/355/259 310/358/259
f 312/360/260 309/357/260 311/359/260 314/362/260
f 314/362/261 311/359/261 310/358/261 313/361/261
f 315/363/262 312/360/262 314/362/262 317/365/262
f 317/365/263 314/362/263 313/361/263 316/364/263
f 318/366/264 315/363/264 317/365/264 320/368/264
f 320/368/265 317/365/265 316/364/265 319/367/265
f 321/369/266 318/366/266 320/368/266 323/371/266
f 323/371/267 320/368/267 319/367/267 322/370/267
f 297/345/268 321/369/268 323/371/268 299/347/268
f 299/347/269 323/371/269 322/370/269 298/346/269
f 413/471/272 412/470/272 388/446/272
f 411/469/273 408/466/273 410/468/273 413/471/273
f 413/471/274 410/468/274 409/467/274 412/470/274
f 408/466/275 405/463/275 407/465/275 410/468/275
f 410/468/276 407/465/276 406/464/276 409/467/276
f 405/463/277 402/460/277 404/462/277 407/465/277
f 407/465/278 404/462/278 403/461/278 406/464/278
f 402/460/279 399/457/279 401/459/279 404/462/279
f 404/462/280 401/459/280 400/458/280 403/461/280
f 399/457/281 396/454/281 398/456/281 401/459/281
f 401/459/282 398/456/282 397/455/282 400/458/282
f 396/454/283 393/451/283 395/453/283 398/456/283
f 398/456/284 395/453/284 394/452/284 397/455/284
f 393/451/285 390/448/285 392/450/285 395/453/285
f 395/453/286 392/450/286 391/449/286 394/452/286
f 390/448/287 384/442/287 386/444/287 392/450/287
f 392/450/288 386/444/288 385/443/288 391/449/288
f 294/342/289 328/377/289 329/380/289 296/344/289
f 296/344/290 329/380/290 327/375/290 295/343/290
f 384/442/291 297/345/291 299/347/291 386/444/291
f 386/444/292 299/347/292 298/346/292 385/443/292
f 324/372/293 358/412/293 359/415/293 326/374/293
f 354/407/295 387/445/295 389/447/295 356/409/295
f 356/409/296 389/447/296 388/446/296 355/408/296
f 295/343/66 38/42/66 46/50/66 301/349/66
f 423/489/297 430/499/297 432/501/297 425/491/297
f 425/491/298 432/501/298 433/502/298 424/490/298
f 424/490/299 433/502/299 431/500/299 422/488/299
f 430/499/300 434/503/300 436/505/300 432/501/300
f 432/501/301 436/505/301 437/506/301 433/502/301
f 433/502/302 437/506/302 435/504/302 431/500/302
f 434/503/303 438/507/303 440/509/303 436/505/303
f 436/505/304 440/509/304 441/510/304 437/506/304
f 437/506/305 441/510/305 439/508/305 435/504/305
f 438/507/306 442/511/306 444/513/306 440/509/306
f 440/509/307 444/513/307 445/514/307 441/510/307
f 441/510/308 445/514/308 443/512/308 439/508/308
f 442/511/309 446/515/309 448/517/309 444/513/309
f 444/513/310 448/517/310 449/518/310 445/514/310
f 445/514/311 449/518/311 447/516/311 443/512/311
f 446/515/312 450/519/312 452/521/312 448/517/312
f 448/517/313 452/521/313 453/522/313 449/518/313
f 449/518/314 453/522/314 451/520/314 447/516/314
f 450/519/315 454/523/315 456/525/315 452/521/315
f 452/521/316 456/525/316 457/526/316 453/522/316
f 453/522/317 457/526/317 455/524/317 451/520/317
f 454/523/318 458/529/318 460/531/318 456/525/318
f 456/525/319 460/531/319 461/532/319 457/527/319
f 457/528/320 461/534/320 459/530/320 455/524/320
f 458/529/321 426/492/321 428/495/321 460/531/321
f 460/531/322 428/495/322 429/496/322 461/533/322
f 461/534/323 429/497/323 427/493/323 459/530/323
f 463/536/324 470/546/324 472/548/324 465/538/324
f 465/538/325 472/548/325 473/549/325 464/537/325
f 464/537/326 473/549/326 471/547/326 462/535/326
f 470/546/327 474/550/327 476/552/327 472/548/327
f 472/548/328 476/552/328 477/553/328 473/549/328
f 473/549/329 477/553/329 475/551/329 471/547/329
f 474/550/330 478/554/330 480/556/330 476/552/330
f 476/552/331 480/556/331 481/557/331 477/553/331
f 477/553/332 481/557/332 479/555/332 475/551/332
f 478/554/333 482/558/333 484/560/333 480/556/333
f 480/556/334 484/560/334 485/561/334 481/557/334
f 481/557/335 485/561/335 483/559/335 479/555/335
f 482/558/336 486/562/336 488/564/336 484/560/336
f 484/560/337 488/564/337 489/565/337 485/561/337
f 485/561/338 489/565/338 487/563/338 483/559/338
f 486/562/339 490/566/339 492/568/339 488/564/339
f 488/564/340 492/568/340 493/569/340 489/565/340
f 489/565/341 493/569/341 491/567/341 487/563/341
f 490/566/342 494/570/342 496/572/342 492/568/342
f 492/568/343 496/572/343 497/573/343 493/569/343
f 493/569/344 497/573/344 495/571/344 491/567/344
f 494/570/345 498/576/345 500/578/345 496/572/345
f 496/572/346 500/578/346 501/580/346 497/574/346
f 497/575/347 501/581/347 499/577/347 495/571/347
f 498/576/348 466/539/348 468/543/348 500/578/348
f 500/579/349 468/542/349 469/544/349 501/582/349
f 501/582/350 469/544/350 467/540/350 499/577/350
f 462/535/351 427/494/351 429/498/351 464/537/351
f 464/537/352 429/498/352 428/495/352 465/538/352
f 465/538/353 428/495/353 426/492/353 463/536/353
f 422/488/354 415/475/354 417/479/354 424/490/354
f 424/490/355 417/479/355 416/477/355 425/491/355
f 425/491/356 416/477/356 414/473/356 423/489/356
f 418/481/357 467/541/357 469/545/357 420/485/357
f 420/485/358 469/545/358 468/543/358 421/487/358
f 421/487/359 468/543/359 466/539/359 419/483/359
f 415/475/3 422/488/3 101/115/3 77/81/3 328/377/3 303/351/3 306/354/3 309/357/3 312/360/3 315/363/3 318/366/3 321/369/3 297/345/3 384/442/3 390/448/3 393/451/3 396/454/3 399/457/3 402/460/3 405/463/3 78/82/3 102/116/3 467/541/3 418/481/3
f 387/445/3 354/407/3 78/82/3
f 408/466/3 411/469/3 387/445/3
f 408/466/360 387/445/360 78/82/360 405/463/360
f 908/1071/3 910/1073/3 911/1074/3 912/1075/3 913/1076/3 909/1072/3 860/1023/3 862/1025/3 863/1026/3 864/1027/3 865/1028/3 861/1024/3 866/1029/3 868/1031/3 869/1032/3 870/1033/3 871/1034/3 867/1030/3 914/1077/3 916/1079/3 917/1080/3 918/1081/3 919/1082/3 915/1078/3
f 878/1041/3 880/1043/3 881/1044/3 882/1045/3 883/1046/3 879/1042/3 872/1035/3 874/1037/3 875/1038/3 876/1039/3 877/1040/3 873/1036/3 884/1047/3 886/1049/3 887/1050/3 888/1051/3 889/1052/3 885/1048/3 920/1083/3 922/1085/3 923/1086/3 924/1087/3 925/1088/3 921/1084/3
f 896/1059/3 898/1061/3 899/1062/3 900/1063/3 901/1064/3 897/1060/3 890/1053/3 892/1055/3 893/1056/3 894/1057/3 895/1058/3 891/1054/3 902/1065/3 904/1067/3 905/1068/3 906/1069/3 907/1070/3 903/1066/3 926/1089/3 928/1091/3 929/1092/3 930/1093/3 931/1094/3 927/1090/3
f 1264/1479/360 994/1159/360 1018/1193/360 1368/1602/360 1333/1561/360 1017/1192/360 993/1158/360 1230/1439/360
f 1287/1504/5 1263/1477/5 973/1138/5 975/1140/5
f 1328/1555/360 1017/1192/360 1337/1567/360
f 1336/1566/6 1340/1570/6 1004/1173/6 1005/1175/6
f 1207/1416/7 1210/1419/7 961/1126/7 962/1127/7
f 1006/1176/8 1372/1606/8 1325/1550/8 943/1107/8
f 941/1104/1 1320/1540/1 1329/1556/1 996/1162/1
f 963/1128/9 965/1130/9 1257/1469/9 1233/1442/9
f 1228/1437/10 1204/1413/10 953/1118/10 955/1120/10
f 972/1137/20 964/1129/20 1231/1440/20 1236/1448/20
f 970/1135/21 971/1136/21 1239/1451/21 1242/1454/21
f 969/1134/22 970/1135/22 1242/1454/22 1245/1457/22
f 968/1133/18 969/1134/18 1245/1457/18 1248/1460/18
f 967/1132/23 968/1133/23 1248/1460/23 1251/1463/23
f 966/1131/24 967/1132/24 1251/1463/24 1254/1466/24
f 965/1130/25 966/1131/25 1254/1466/25 1257/1469/25
f 1260/1474/360 994/1159/360 1267/1484/360
f 971/1136/26 972/1137/26 1236/1448/26 1239/1451/26
f 1261/1475/27 1266/1483/27 982/1147/27 974/1139/27
f 1269/1486/28 1272/1489/28 980/1145/28 981/1146/28
f 1272/1489/29 1275/1492/29 979/1144/29 980/1145/29
f 1275/1492/30 1278/1495/30 978/1143/30 979/1144/30
f 1278/1495/31 1281/1498/31 977/1142/31 978/1143/31
f 1281/1498/32 1284/1501/32 976/1141/32 977/1142/32
f 1284/1501/33 1287/1504/33 975/1140/33 976/1141/33
f 992/1157/34 984/1149/34 1291/1510/34 1297/1516/34
f 1266/1483/35 1269/1486/35 981/1146/35 982/1147/35
f 963/1128/8 1233/1442/8 1201/1410/8 954/1119/8
f 1210/1419/36 1213/1422/36 960/1125/36 961/1126/36
f 1213/1422/37 1216/1425/37 959/1124/37 960/1125/37
f 1216/1425/38 1219/1428/38 958/1123/38 959/1124/38
f 1219/1428/39 1222/1431/39 957/1122/39 958/1123/39
f 1222/1431/40 1225/1434/40 956/1121/40 957/1122/40
f 1225/1434/41 1228/1437/41 955/1120/41 956/1121/41
f 1230/1439/360 993/1158/360 1237/1449/360
f 953/1118/42 1204/1413/42 1291/1510/42 984/1149/42
f 991/1156/43 992/1157/43 1297/1516/43 1300/1519/43
f 985/1150/44 986/1151/44 1315/1534/44 1318/1537/44
f 986/1151/45 987/1152/45 1312/1531/45 1315/1534/45
f 987/1152/46 988/1153/46 1309/1528/46 1312/1531/46
f 988/1153/47 989/1154/47 1306/1525/47 1309/1528/47
f 989/1154/48 990/1155/48 1303/1522/48 1306/1525/48
f 990/1155/49 991/1156/49 1300/1519/49 1303/1522/49
f 983/1148/50 985/1150/50 1318/1537/50 1294/1513/50
f 1258/1470/360 993/1158/360 1234/1443/360
f 1255/1467/360 993/1158/360 1258/1470/360
f 1252/1464/360 993/1158/360 1255/1467/360
f 1249/1461/360 993/1158/360 1252/1464/360
f 1246/1458/360 993/1158/360 1249/1461/360
f 1243/1455/360 993/1158/360 1246/1458/360
f 1240/1452/360 993/1158/360 1243/1455/360
f 1237/1449/360 993/1158/360 1240/1452/360
f 973/1138/16 1263/1477/16 1231/1440/16 964/1129/16
f 983/1148/1 1294/1513/1 1261/1475/1 974/1139/1
f 1267/1484/360 994/1159/360 1270/1487/360
f 1270/1487/360 994/1159/360 1273/1490/360
f 1273/1490/360 994/1159/360 1276/1493/360
f 1276/1493/360 994/1159/360 1279/1496/360
f 1279/1496/360 994/1159/360 1282/1499/360
f 1282/1499/360 994/1159/360 1285/1502/360
f 1285/1502/360 994/1159/360 1288/1505/360
f 1288/1505/360 994/1159/360 1264/1478/360
f 1329/1556/51 1336/1566/51 1005/1175/51 996/1162/51
f 1340/1570/52 1344/1574/52 1003/1171/52 1004/1173/52
f 1344/1574/53 1348/1578/53 1002/1169/53 1003/1171/53
f 1348/1578/54 1352/1582/54 1001/1167/54 1002/1169/54
f 1352/1582/55 1356/1586/55 1000/1166/55 1001/1167/55
f 1356/1586/56 1360/1590/56 999/1165/56 1000/1166/56
f 1360/1590/57 1364/1596/57 998/1164/57 999/1165/57
f 1368/1602/360 1018/1193/360 1377/1614/360
f 995/1160/17 1332/1559/17 1369/1603/17 1007/1178/17
f 1016/1191/58 1007/1178/58 1369/1603/58 1376/1613/58
f 1014/1187/59 1015/1189/59 1380/1617/59 1384/1621/59
f 1013/1185/60 1014/1187/60 1384/1621/60 1388/1625/60
f 1012/1183/61 1013/1185/61 1388/1625/61 1392/1629/61
f 1011/1182/62 1012/1183/62 1392/1629/62 1396/1633/62
f 1010/1181/63 1011/1182/63 1396/1633/63 1400/1637/63
f 1009/1180/64 1010/1181/64 1400/1637/64 1404/1643/64
f 1015/1189/65 1016/1191/65 1376/1613/65 1380/1617/65
f 1405/1644/360 1018/1193/360 1373/1607/360
f 1401/1638/360 1018/1193/360 1405/1644/360
f 1397/1634/360 1018/1193/360 1401/1638/360
f 1393/1630/360 1018/1193/360 1397/1634/360
f 1389/1626/360 1018/1193/360 1393/1630/360
f 1385/1622/360 1018/1193/360 1389/1626/360
f 1381/1618/360 1018/1193/360 1385/1622/360
f 1377/1614/360 1018/1193/360 1381/1618/360
f 1006/1176/66 1009/1180/66 1404/1643/66 1372/1606/66
f 1364/1596/67 1332/1559/67 995/1160/67 998/1164/67
f 1337/1567/360 1017/1192/360 1341/1571/360
f 1341/1571/360 1017/1192/360 1345/1575/360
f 1345/1575/360 1017/1192/360 1349/1579/360
f 1349/1579/360 1017/1192/360 1353/1583/360
f 1353/1583/360 1017/1192/360 1357/1587/360
f 1357/1587/360 1017/1192/360 1361/1591/360
f 1361/1591/360 1017/1192/360 1365/1597/360
f 1365/1597/360 1017/1192/360 1333/1560/360
f 1231/1440/691 1232/1441/691 1238/1450/691 1236/1448/691
f 1236/1448/693 1238/1450/693 1241/1453/693 1239/1451/693
f 1238/1450/694 1237/1449/694 1240/1452/694 1241/1453/694
f 1239/1451/695 1241/1453/695 1244/1456/695 1242/1454/695
f 1241/1453/696 1240/1452/696 1243/1455/696 1244/1456/696
f 1242/1454/697 1244/1456/697 1247/1459/697 1245/1457/697
f 1244/1456/698 1243/1455/698 1246/1458/698 1247/1459/698
f 1245/1457/699 1247/1459/699 1250/1462/699 1248/1460/699
f 1247/1459/700 1246/1458/700 1249/1461/700 1250/1462/700
f 1248/1460/701 1250/1462/701 1253/1465/701 1251/1463/701
f 1250/1462/702 1249/1461/702 1252/1464/702 1253/1465/702
f 1251/1463/703 1253/1465/703 1256/1468/703 1254/1466/703
f 1253/1465/704 1252/1464/704 1255/1467/704 1256/1468/704
f 1254/1466/705 1256/1468/705 1259/1471/705 1257/1469/705
f 1256/1468/706 1255/1467/706 1258/1470/706 1259/1471/706
f 1257/1469/707 1259/1472/707 1235/1445/707 1233/1442/707
f 1259/1473/708 1258/1470/708 1234/1443/708 1235/1446/708
f 1261/1475/709 1262/1476/709 1268/1485/709 1266/1483/709
f 1262/1476/710 1260/1474/710 1267/1484/710 1268/1485/710
f 1266/1483/711 1268/1485/711 1271/1488/711 1269/1486/711
f 1268/1485/712 1267/1484/712 1270/1487/712 1271/1488/712
f 1269/1486/713 1271/1488/713 1274/1491/713 1272/1489/713
f 1271/1488/714 1270/1487/714 1273/1490/714 1274/1491/714
f 1272/1489/715 1274/1491/715 1277/1494/715 1275/1492/715
f 1274/1491/716 1273/1490/716 1276/1493/716 1277/1494/716
f 1275/1492/717 1277/1494/717 1280/1497/717 1278/1495/717
f 1277/1494/718 1276/1493/718 1279/1496/718 1280/1497/718
f 1278/1495/719 1280/1497/719 1283/1500/719 1281/1498/719
f 1280/1497/720 1279/1496/720 1282/1499/720 1283/1500/720
f 1281/1498/721 1283/1500/721 1286/1503/721 1284/1501/721
f 1283/1500/722 1282/1499/722 1285/1502/722 1286/1503/722
f 1284/1501/723 1286/1503/723 1289/1506/723 1287/1504/723
f 1286/1503/724 1285/1502/724 1288/1505/724 1289/1506/724
f 1287/1504/725 1289/1507/725 1265/1480/725 1263/1477/725
f 1289/1508/726 1288/1505/726 1264/1478/726 1265/1481/726
f 1208/1417/729 1207/1416/729 1201/1410/729 1202/1411/729
f 1209/1418/730 1211/1420/730 1208/1417/730 1206/1415/730
f 1211/1420/731 1210/1419/731 1207/1416/731 1208/1417/731
f 1212/1421/732 1214/1423/732 1211/1420/732 1209/1418/732
f 1214/1423/733 1213/1422/733 1210/1419/733 1211/1420/733
f 1215/1424/734 1217/1426/734 1214/1423/734 1212/1421/734
f 1217/1426/735 1216/1425/735 1213/1422/735 1214/1423/735
f 1218/1427/736 1220/1429/736 1217/1426/736 1215/1424/736
f 1220/1429/737 1219/1428/737 1216/1425/737 1217/1426/737
f 1221/1430/738 1223/1432/738 1220/1429/738 1218/1427/738
f 1223/1432/739 1222/1431/739 1219/1428/739 1220/1429/739
f 1224/1433/740 1226/1435/740 1223/1432/740 1221/1430/740
f 1226/1435/741 1225/1434/741 1222/1431/741 1223/1432/741
f 1227/1436/742 1229/1438/742 1226/1435/742 1224/1433/742
f 1229/1438/743 1228/1437/743 1225/1434/743 1226/1435/743
f 1203/1412/744 1205/1414/744 1229/1438/744 1227/1436/744
f 1205/1414/745 1204/1413/745 1228/1437/745 1229/1438/745
f 1319/1538/748 1294/1513/748 1318/1537/748
f 1317/1536/749 1319/1538/749 1316/1535/749 1314/1533/749
f 1319/1538/750 1318/1537/750 1315/1534/750 1316/1535/750
f 1314/1533/751 1316/1535/751 1313/1532/751 1311/1530/751
f 1316/1535/752 1315/1534/752 1312/1531/752 1313/1532/752
f 1311/1530/753 1313/1532/753 1310/1529/753 1308/1527/753
f 1313/1532/754 1312/1531/754 1309/1528/754 1310/1529/754
f 1308/1527/755 1310/1529/755 1307/1526/755 1305/1524/755
f 1310/1529/756 1309/1528/756 1306/1525/756 1307/1526/756
f 1305/1524/757 1307/1526/757 1304/1523/757 1302/1521/757
f 1307/1526/758 1306/1525/758 1303/1522/758 1304/1523/758
f 1302/1521/759 1304/1523/759 1301/1520/759 1299/1518/759
f 1304/1523/760 1303/1522/760 1300/1519/760 1301/1520/760
f 1299/1518/761 1301/1520/761 1298/1517/761 1296/1515/761
f 1301/1520/762 1300/1519/762 1297/1516/762 1298/1517/762
f 1296/1515/763 1298/1517/763 1292/1511/763 1290/1509/763
f 1298/1517/764 1297/1516/764 1291/1510/764 1292/1511/764
f 1200/1409/765 1202/1411/765 1235/1447/765 1234/1444/765
f 1202/1411/766 1201/1410/766 1233/1442/766 1235/1447/766
f 1290/1509/767 1292/1511/767 1205/1414/767 1203/1412/767
f 1292/1511/768 1291/1510/768 1204/1413/768 1205/1414/768
f 1230/1439/769 1232/1441/769 1265/1482/769 1264/1479/769
f 1260/1474/771 1262/1476/771 1295/1514/771 1293/1512/771
f 1262/1476/772 1261/1475/772 1294/1513/772 1295/1514/772
f 1201/1410/66 1207/1416/66 962/1127/66 954/1119/66
f 1329/1556/773 1331/1558/773 1338/1568/773 1336/1566/773
f 1331/1558/774 1330/1557/774 1339/1569/774 1338/1568/774
f 1330/1557/775 1328/1555/775 1337/1567/775 1339/1569/775
f 1336/1566/776 1338/1568/776 1342/1572/776 1340/1570/776
f 1338/1568/777 1339/1569/777 1343/1573/777 1342/1572/777
f 1339/1569/778 1337/1567/778 1341/1571/778 1343/1573/778
f 1340/1570/779 1342/1572/779 1346/1576/779 1344/1574/779
f 1342/1572/780 1343/1573/780 1347/1577/780 1346/1576/780
f 1343/1573/781 1341/1571/781 1345/1575/781 1347/1577/781
f 1344/1574/782 1346/1576/782 1350/1580/782 1348/1578/782
f 1346/1576/783 1347/1577/783 1351/1581/783 1350/1580/783
f 1347/1577/784 1345/1575/784 1349/1579/784 1351/1581/784
f 1348/1578/785 1350/1580/785 1354/1584/785 1352/1582/785
f 1350/1580/786 1351/1581/786 1355/1585/786 1354/1584/786
f 1351/1581/787 1349/1579/787 1353/1583/787 1355/1585/787
f 1352/1582/788 1354/1584/788 1358/1588/788 1356/1586/788
f 1354/1584/789 1355/1585/789 1359/1589/789 1358/1588/789
f 1355/1585/790 1353/1583/790 1357/1587/790 1359/1589/790
f 1356/1586/791 1358/1588/791 1362/1592/791 1360/1590/791
f 1358/1588/792 1359/1589/792 1363/1593/792 1362/1592/792
f 1359/1589/793 1357/1587/793 1361/1591/793 1363/1593/793
f 1360/1590/794 1362/1592/794 1366/1598/794 1364/1596/794
f 1362/1592/795 1363/1594/795 1367/1599/795 1366/1598/795
f 1363/1595/796 1361/1591/796 1365/1597/796 1367/1601/796
f 1364/1596/797 1366/1598/797 1334/1562/797 1332/1559/797
f 1366/1598/798 1367/1600/798 1335/1563/798 1334/1562/798
f 1367/1601/799 1365/1597/799 1333/1560/799 1335/1564/799
f 1369/1603/800 1371/1605/800 1378/1615/800 1376/1613/800
f 1371/1605/801 1370/1604/801 1379/1616/801 1378/1615/801
f 1370/1604/802 1368/1602/802 1377/1614/802 1379/1616/802
f 1376/1613/803 1378/1615/803 1382/1619/803 1380/1617/803
f 1378/1615/804 1379/1616/804 1383/1620/804 1382/1619/804
f 1379/1616/805 1377/1614/805 1381/1618/805 1383/1620/805
f 1380/1617/806 1382/1619/806 1386/1623/806 1384/1621/806
f 1382/1619/807 1383/1620/807 1387/1624/807 1386/1623/807
f 1383/1620/808 1381/1618/808 1385/1622/808 1387/1624/808
f 1384/1621/809 1386/1623/809 1390/1627/809 1388/1625/809
f 1386/1623/810 1387/1624/810 1391/1628/810 1390/1627/810
f 1387/1624/811 1385/1622/811 1389/1626/811 1391/1628/811
f 1388/1625/812 1390/1627/812 1394/1631/812 1392/1629/812
f 1390/1627/813 1391/1628/813 1395/1632/813 1394/1631/813
f 1391/1628/814 1389/1626/814 1393/1630/814 1395/1632/814
f 1392/1629/815 1394/1631/815 1398/1635/815 1396/1633/815
f 1394/1631/816 1395/1632/816 1399/1636/816 1398/1635/816
f 1395/1632/817 1393/1630/817 1397/1634/817 1399/1636/817
f 1396/1633/818 1398/1635/818 1402/1639/818 1400/1637/818
f 1398/1635/819 1399/1636/819 1403/1640/819 1402/1639/819
f 1399/1636/820 1397/1634/820 1401/1638/820 1403/1640/820
f 1400/1637/821 1402/1639/821 1406/1645/821 1404/1643/821
f 1402/1639/822 1403/1641/822 1407/1647/822 1406/1645/822
f 1403/1642/823 1401/1638/823 1405/1644/823 1407/1648/823
f 1404/1643/824 1406/1645/824 1374/1610/824 1372/1606/824
f 1406/1646/825 1407/1649/825 1375/1611/825 1374/1609/825
f 1407/1649/826 1405/1644/826 1373/1607/826 1375/1611/826
f 1368/1602/827 1370/1604/827 1335/1565/827 1333/1561/827
f 1370/1604/828 1371/1605/828 1334/1562/828 1335/1565/828
f 1371/1605/829 1369/1603/829 1332/1559/829 1334/1562/829
f 1328/1555/830 1330/1557/830 1323/1546/830 1321/1542/830
f 1330/1557/831 1331/1558/831 1322/1544/831 1323/1546/831
f 1331/1558/832 1329/1556/832 1320/1540/832 1322/1544/832
f 1324/1548/833 1326/1552/833 1375/1612/833 1373/1608/833
f 1326/1552/834 1327/1554/834 1374/1610/834 1375/1612/834
f 1327/1554/835 1325/1550/835 1372/1606/835 1374/1610/835
f 1321/1542/360 1324/1548/360 1373/1608/360 1018/1193/360 994/1159/360 1311/1530/360 1308/1527/360 1305/1524/360 1302/1521/360 1299/1518/360 1296/1515/360 1290/1509/360 1203/1412/360 1227/1436/360 1224/1433/360 1221/1430/360 1218/1427/360 1215/1424/360 1212/1421/360 1209/1418/360 1234/1444/360 993/1158/360 1017/1192/360 1328/1555/360
f 1293/1512/360 994/1159/360 1260/1474/360
f 1314/1533/360 1293/1512/360 1317/1536/360
f 1314/1533/3 1311/1530/3 994/1159/3 1293/1512/3
f 1782/2106/360 1789/2113/360 1793/2117/360 1792/2116/360 1791/2115/360 1790/2114/360 1788/2112/360 1741/2065/360 1745/2069/360 1744/2068/360 1743/2067/360 1742/2066/360 1740/2064/360 1735/2059/360 1739/2063/360 1738/2062/360 1737/2061/360 1736/2060/360 1734/2058/360 1783/2107/360 1787/2111/360 1786/2110/360 1785/2109/360 1784/2108/360
f 1752/2076/360 1795/2119/360 1799/2123/360 1798/2122/360 1797/2121/360 1796/2120/360 1794/2118/360 1759/2083/360 1763/2087/360 1762/2086/360 1761/2085/360 1760/2084/360 1758/2082/360 1747/2071/360 1751/2075/360 1750/2074/360 1749/2073/360 1748/2072/360 1746/2070/360 1753/2077/360 1757/2081/360 1756/2080/360 1755/2079/360 1754/2078/360
f 1770/2094/360 1801/2125/360 1805/2129/360 1804/2128/360 1803/2127/360 1802/2126/360 1800/2124/360 1777/2101/360 1781/2105/360 1780/2104/360 1779/2103/360 1778/2102/360 1776/2100/360 1765/2089/360 1769/2093/360 1768/2092/360 1767/2091/360 1766/2090/360 1764/2088/360 1771/2095/360 1775/2099/360 1774/2098/360 1773/2097/360 1772/2096/360
usemtl white
f 658/755/3 662/759/3 638/735/3 602/699/3 610/707/3 614/711/3 618/715/3 622/719/3 626/723/3 630/727/3 606/703/3 570/667/3 578/675/3 582/679/3 586/683/3 590/687/3 594/691/3 598/695/3 574/671/3 794/934/3 793/933/3 799/941/3 801/944/3 822/974/3 821/973/3 827/981/3 829/984/3 849/1010/3 848/1009/3 854/1017/3 856/1019/3 857/1020/3 858/1021/3 859/1022/3 855/1018/3 834/991/3 836/993/3 837/994/3 838/995/3 839/996/3 835/992/3 840/997/3 842/1000/3 808/954/3 807/953/3 813/961/3 815/964/3 787/924/3 786/923/3 778/911/3 780/914/3 542/639/3 634/731/3 642/739/3 646/743/3 650/747/3 654/751/3
f 622/719/398 618/715/398 620/717/398 624/721/398
f 654/751/419 650/747/419 652/749/419 656/753/419
f 847/1007/3 849/1010/3 829/984/3 828/983/3 806/951/3 808/954/3 842/1000/3 841/999/3
f 820/971/3 822/974/3 801/944/3 800/943/3 785/921/3 787/924/3 815/964/3 814/963/3
f 778/911/3 781/915/3 780/914/3
f 781/915/3 782/916/3 780/914/3
f 782/916/3 783/917/3 780/914/3
f 783/917/3 784/919/3 780/914/3
f 784/919/3 779/912/3 780/914/3
f 785/921/3 788/925/3 787/924/3
f 788/925/3 789/926/3 787/924/3
f 789/926/3 790/927/3 787/924/3
f 795/935/3 796/936/3 794/934/3
f 796/936/3 797/937/3 794/934/3
f 797/937/3 798/939/3 794/934/3
f 802/945/3 803/946/3 801/944/3
f 803/946/3 804/947/3 801/944/3
f 804/947/3 805/949/3 801/944/3
f 805/949/3 800/942/3 801/944/3
f 806/951/3 809/955/3 808/954/3
f 809/955/3 810/956/3 808/954/3
f 810/956/3 811/957/3 808/954/3
f 813/961/3 816/965/3 815/964/3
f 816/965/3 817/966/3 815/964/3
f 817/966/3 818/967/3 815/964/3
f 818/967/3 819/969/3 815/964/3
f 819/969/3 814/962/3 815/964/3
f 820/971/3 823/975/3 822/974/3
f 823/975/3 824/976/3 822/974/3
f 824/976/3 825/977/3 822/974/3
f 825/977/3 826/979/3 822/974/3
f 830/985/3 831/986/3 829/984/3
f 831/986/3 832/987/3 829/984/3
f 832/987/3 833/989/3 829/984/3
f 833/989/3 828/982/3 829/984/3
f 840/997/3 843/1001/3 842/1000/3
f 843/1001/3 844/1002/3 842/1000/3
f 844/1002/3 845/1003/3 842/1000/3
f 845/1003/3 846/1005/3 842/1000/3
f 846/1005/3 841/998/3 842/1000/3
f 847/1007/3 850/1011/3 849/1010/3
f 850/1011/3 851/1012/3 849/1010/3
f 851/1012/3 852/1013/3 849/1010/3
f 852/1013/3 853/1015/3 849/1010/3
f 792/931/3 794/934/3 574/671/3 538/635/3 546/643/3 550/647/3 554/651/3 558/655/3 562/659/3 566/663/3 542/639/3 780/914/3 779/913/3
f 1564/1822/360 1560/1818/360 1556/1814/360 1552/1810/360 1548/1806/360 1540/1798/360 1448/1706/360 1654/1949/360 1652/1946/360 1660/1958/360 1661/1959/360 1689/1999/360 1687/1996/360 1681/1988/360 1682/1989/360 1716/2035/360 1714/2032/360 1709/2027/360 1713/2031/360 1712/2030/360 1711/2029/360 1710/2028/360 1708/2026/360 1729/2053/360 1733/2057/360 1732/2056/360 1731/2055/360 1730/2054/360 1728/2052/360 1722/2044/360 1723/2045/360 1703/2019/360 1701/2016/360 1695/2008/360 1696/2009/360 1675/1979/360 1673/1976/360 1667/1968/360 1668/1969/360 1480/1738/360 1504/1762/360 1500/1758/360 1496/1754/360 1492/1750/360 1488/1746/360 1484/1742/360 1476/1734/360 1512/1770/360 1536/1794/360 1532/1790/360 1528/1786/360 1524/1782/360 1520/1778/360 1516/1774/360 1508/1766/360 1544/1802/360 1568/1826/360
f 1528/1786/846 1530/1788/846 1526/1784/846 1524/1782/846
f 1560/1818/867 1562/1820/867 1558/1816/867 1556/1814/867
f 1721/2042/360 1715/2034/360 1716/2035/360 1682/1989/360 1680/1986/360 1702/2018/360 1703/2019/360 1723/2045/360
f 1694/2006/360 1688/1998/360 1689/1999/360 1661/1959/360 1659/1956/360 1674/1978/360 1675/1979/360 1696/2009/360
f 1652/1946/360 1654/1949/360 1655/1950/360
f 1655/1950/360 1654/1949/360 1656/1951/360
f 1656/1951/360 1654/1949/360 1657/1952/360
f 1657/1952/360 1654/1949/360 1658/1954/360
f 1658/1954/360 1654/1949/360 1653/1947/360
f 1659/1956/360 1661/1959/360 1662/1960/360
f 1662/1960/360 1661/1959/360 1663/1961/360
f 1663/1961/360 1661/1959/360 1664/1962/360
f 1669/1970/360 1668/1969/360 1670/1971/360
f 1670/1971/360 1668/1969/360 1671/1972/360
f 1671/1972/360 1668/1969/360 1672/1974/360
f 1676/1980/360 1675/1979/360 1677/1981/360
f 1677/1981/360 1675/1979/360 1678/1982/360
f 1678/1982/360 1675/1979/360 1679/1984/360
f 1679/1984/360 1675/1979/360 1674/1977/360
f 1680/1986/360 1682/1989/360 1683/1990/360
f 1683/1990/360 1682/1989/360 1684/1991/360
f 1684/1991/360 1682/1989/360 1685/1992/360
f 1687/1996/360 1689/1999/360 1690/2000/360
f 1690/2000/360 1689/1999/360 1691/2001/360
f 1691/2001/360 1689/1999/360 1692/2002/360
f 1692/2002/360 1689/1999/360 1693/2004/360
f 1693/2004/360 1689/1999/360 1688/1997/360
f 1694/2006/360 1696/2009/360 1697/2010/360
f 1697/2010/360 1696/2009/360 1698/2011/360
f 1698/2011/360 1696/2009/360 1699/2012/360
f 1699/2012/360 1696/2009/360 1700/2014/360
f 1704/2020/360 1703/2019/360 1705/2021/360
f 1705/2021/360 1703/2019/360 1706/2022/360
f 1706/2022/360 1703/2019/360 1707/2024/360
f 1707/2024/360 1703/2019/360 1702/2017/360
f 1714/2032/360 1716/2035/360 1717/2036/360
f 1717/2036/360 1716/2035/360 1718/2037/360
f 1718/2037/360 1716/2035/360 1719/2038/360
f 1719/2038/360 1716/2035/360 1720/2040/360
f 1720/2040/360 1716/2035/360 1715/2033/360
f 1721/2042/360 1723/2045/360 1724/2046/360
f 1724/2046/360 1723/2045/360 1725/2047/360
f 1725/2047/360 1723/2045/360 1726/2048/360
f 1726/2048/360 1723/2045/360 1727/2050/360
f 1666/1966/360 1653/1948/360 1654/1949/360 1448/1706/360 1472/1730/360 1468/1726/360 1464/1722/360 1460/1718/360 1456/1714/360 1452/1710/360 1444/1702/360 1480/1738/360 1668/1969/360
